1613838507443	geckodriver	INFO	Listening on 127.0.0.1:15807
1613838510906	mozrunner::runner	INFO	Running command: "C:\\Program Files\\Mozilla Firefox\\firefox.exe" "--marionette" "-foreground" "-no-remote" "-profile" "C:\\Users\\Morplson\\AppData\\Local\\Temp\\rust_mozprofileBiMDav"
1613838511285	addons.xpi-utils	WARN	Could not find source bundle for add-on default-theme@mozilla.org: [Exception... "Component returned failure code: 0x80004005 (NS_ERROR_FAILURE) [nsIFile.initWithPath]"  nsresult: "0x80004005 (NS_ERROR_FAILURE)"  location: "JS frame :: resource://gre/modules/addons/XPIDatabase.jsm :: parseDB/< :: line 1340"  data: no] Stack trace: parseDB/<()@resource://gre/modules/addons/XPIDatabase.jsm:1340
parseDB()@resource://gre/modules/addons/XPIDatabase.jsm:1338
asyncLoadDB/this._dbPromise<()@resource://gre/modules/addons/XPIDatabase.jsm:1409
awaitPromise()@resource://gre/modules/addons/XPIProvider.jsm:186
syncLoadDB()@resource://gre/modules/addons/XPIDatabase.jsm:1291
checkForChanges()@resource://gre/modules/addons/XPIProvider.jsm:2568
startup()@resource://gre/modules/addons/XPIProvider.jsm:2148
callProvider()@resource://gre/modules/AddonManager.jsm:203
_startProvider()@resource://gre/modules/AddonManager.jsm:652
startup()@resource://gre/modules/AddonManager.jsm:805
startup()@resource://gre/modules/AddonManager.jsm:2775
observe()@jar:file:///C:/Program%20Files/Mozilla%20Firefox/omni.ja!/components/addonManager.js:66
1613838511308	addons.xpi-utils	ERROR	Failed to load XPI JSON data from profile: Error: Expected passed argument to contain a path(resource://gre/modules/addons/XPIDatabase.jsm:262:15) JS Stack trace: AddonInternal@XPIDatabase.jsm:262:15
parseDB/<@XPIDatabase.jsm:1348:24
parseDB@XPIDatabase.jsm:1338:13
asyncLoadDB/this._dbPromise<@XPIDatabase.jsm:1409:15
awaitPromise@XPIProvider.jsm:186:3
syncLoadDB@XPIDatabase.jsm:1291:7
checkForChanges@XPIProvider.jsm:2568:9
startup@XPIProvider.jsm:2148:25
callProvider@AddonManager.jsm:203:12
_startProvider@AddonManager.jsm:652:5
startup@AddonManager.jsm:805:9
startup@AddonManager.jsm:2775:5
observe@addonManager.js:66:9
1613838511308	addons.xpi-utils	WARN	Rebuilding add-ons database from installed extensions.
1613838511439	addons.xpi-utils	WARN	Add-on langpack-de@firefox.mozilla.org is not compatible with application version.
1613838511439	addons.xpi-utils	WARN	Add-on langpack-de@firefox.mozilla.org is not compatible with application version.
1613838511440	addons.xpi-utils	WARN	Add-on langpack-de@firefox.mozilla.org is not compatible with application version.
1613838511551	addons.webextension.screenshots@mozilla.org	WARN	Loading extension 'screenshots@mozilla.org': Reading manifest: Invalid extension permission: mozillaAddons
1613838511551	addons.webextension.screenshots@mozilla.org	WARN	Loading extension 'screenshots@mozilla.org': Reading manifest: Invalid extension permission: resource://pdf.js/
1613838511551	addons.webextension.screenshots@mozilla.org	WARN	Loading extension 'screenshots@mozilla.org': Reading manifest: Invalid extension permission: about:reader*
1613838511662	addons.xpi-utils	WARN	Add-on langpack-de@firefox.mozilla.org is not compatible with application version.
1613838511662	addons.xpi-utils	WARN	Add-on langpack-de@firefox.mozilla.org is not compatible with application version.
1613838511662	addons.xpi-utils	WARN	Add-on langpack-de@firefox.mozilla.org is not compatible with application version.
1613838511765	addons.webextension.screenshots@mozilla.org	WARN	Loading extension 'screenshots@mozilla.org': Reading manifest: Invalid extension permission: mozillaAddons
1613838511765	addons.webextension.screenshots@mozilla.org	WARN	Loading extension 'screenshots@mozilla.org': Reading manifest: Invalid extension permission: resource://pdf.js/
1613838511765	addons.webextension.screenshots@mozilla.org	WARN	Loading extension 'screenshots@mozilla.org': Reading manifest: Invalid extension permission: about:reader*
1613838512089	addons.xpi-utils	WARN	Add-on langpack-de@firefox.mozilla.org is not compatible with application version.
console.error: (new Error("Unknown database schema: 2", "resource://services-common/kinto-storage-adapter.js", 223))
1613838512520	Marionette	INFO	Listening on port 15821
console.error: (new Error("Unknown database schema: 2", "resource://services-common/kinto-storage-adapter.js", 223))
console.error: (new Error("Unknown database schema: 2", "resource://services-common/kinto-storage-adapter.js", 223))
JavaScript error: undefined, line 0: Error: An unexpected error occurred
console.error: (new Error("Unknown database schema: 2", "resource://services-common/kinto-storage-adapter.js", 223))
console.error: (new Error("Unknown database schema: 2", "resource://services-common/kinto-storage-adapter.js", 223))
1613838513017	Marionette	WARN	TLS certificate errors will be ignored for this session
[Child 36500, Chrome_ChildThread] WARNING: pipe error: 109: file z:/build/build/src/ipc/chromium/src/chrome/common/ipc_channel_win.cc, line 332
[Child 39312, Chrome_[ChildThread] WARNING: pipe error: 109: file z:/build/build/src/ipc/chromium/src/chrome/common/ipc_channel_win.cc, line 332
[Child 39312, Chrom[Parent 40696, Gecko_IOThread] WARNING: pipe error: 109: file z:/build/build/src/ipc/chromium/src/chrome/common/ipc_channel_win.cc, line 332
[Child 12WARNING: At least one completion condition is taking too long to complete. Conditions: [{"name":"Sqlite.jsm shutdown blocker","state":{"description":"Waiting for connections to close","state":[{"name":"storage-sync.sqlite#0: waiting for shutdown","state":{"identifier":"storage-sync.sqlite#0","isCloseRequested":false,"hasDbConn":true,"hasInProgressTransaction":false,"pendingStatements":0,"statementCounter":3},"filename":"resource://gre/modules/Sqlite.jsm","lineNumber":257,"stack":["resource://gre/modules/Sqlite.jsm:ConnectionData:257","resource://gre/modules/Sqlite.jsm:OpenedConnection:1183","resource://gre/modules/Sqlite.jsm:openConnection/</<:993"]},{"name":"storage-sync.sqlite#1: waiting for shutdown","state":{"identifier":"storage-sync.sqlite#1","isCloseRequested":false,"hasDbConn":true,"hasInProgressTransaction":false,"pendingStatements":0,"statementCounter":3},"filename":"resource://gre/modules/Sqlite.jsm","lineNumber":257,"stack":["resource://gre/modules/Sqlite.jsm:ConnectionData:257","resource://gre/modules/Sqlite.jsm:OpenedConnection:1183","resource://gre/modules/Sqlite.jsm:openConnection/</<:993"]},{"name":"storage-sync.sqlite#2: waiting for shutdown","state":{"identifier":"storage-sync.sqlite#2","isCloseRequested":false,"hasDbConn":true,"hasInProgressTransaction":false,"pendingStatements":0,"statementCounter":3},"filename":"resource://gre/modules/Sqlite.jsm","lineNumber":257,"stack":["resource://gre/modules/Sqlite.jsm:ConnectionData:257","resource://gre/modules/Sqlite.jsm:OpenedConnection:1183","resource://gre/modules/Sqlite.jsm:openConnection/</<:993"]},{"name":"storage-sync.sqlite#3: waiting for shutdown","state":{"identifier":"storage-sync.sqlite#3","isCloseRequested":false,"hasDbConn":true,"hasInProgressTransaction":false,"pendingStatements":0,"statementCounter":3},"filename":"resource://gre/modules/Sqlite.jsm","lineNumber":257,"stack":["resource://gre/modules/Sqlite.jsm:ConnectionData:257","resource://gre/modules/Sqlite.jsm:OpenedConnection:1183","resource://gre/modules/Sqlite.jsm:openConnection/</<:993"]},{"name":"storage-sync.sqlite#4: waiting for shutdown","state":{"identifier":"storage-sync.sqlite#4","isCloseRequested":false,"hasDbConn":true,"hasInProgressTransaction":false,"pendingStatements":0,"statementCounter":3},"filename":"resource://gre/modules/Sqlite.jsm","lineNumber":257,"stack":["resource://gre/modules/Sqlite.jsm:ConnectionData:257","resource://gre/modules/Sqlite.jsm:OpenedConnection:1183","resource://gre/modules/Sqlite.jsm:openConnection/</<:993"]}]},"filename":"resource://gre/modules/Sqlite.jsm","lineNumber":149,"stack":["resource://gre/modules/Sqlite.jsm:null:149","resource://gre/modules/XPCOMUtils.jsm:get:129","resource://gre/modules/Sqlite.jsm:ConnectionData:257","resource://gre/modules/Sqlite.jsm:OpenedConnection:1183","resource://gre/modules/Sqlite.jsm:cloneStorageConnection/</<:1073"]}] Barrier: profile-before-change
WARNING: At least one completion condition is taking too long to complete. Conditions: [{"name":"storage-sync.sqlite#0: waiting for shutdown","state":{"identifier":"storage-sync.sqlite#0","isCloseRequested":false,"hasDbConn":true,"hasInProgressTransaction":false,"pendingStatements":0,"statementCounter":3},"filename":"resource://gre/modules/Sqlite.jsm","lineNumber":257,"stack":["resource://gre/modules/Sqlite.jsm:ConnectionData:257","resource://gre/modules/Sqlite.jsm:OpenedConnection:1183","resource://gre/modules/Sqlite.jsm:openConnection/</<:993"]},{"name":"storage-sync.sqlite#1: waiting for shutdown","state":{"identifier":"storage-sync.sqlite#1","isCloseRequested":false,"hasDbConn":true,"hasInProgressTransaction":false,"pendingStatements":0,"statementCounter":3},"filename":"resource://gre/modules/Sqlite.jsm","lineNumber":257,"stack":["resource://gre/modules/Sqlite.jsm:ConnectionData:257","resource://gre/modules/Sqlite.jsm:OpenedConnection:1183","resource://gre/modules/Sqlite.jsm:openConnection/</<:993"]},{"name":"storage-sync.sqlite#2: waiting for shutdown","state":{"identifier":"storage-sync.sqlite#2","isCloseRequested":false,"hasDbConn":true,"hasInProgressTransaction":false,"pendingStatements":0,"statementCounter":3},"filename":"resource://gre/modules/Sqlite.jsm","lineNumber":257,"stack":["resource://gre/modules/Sqlite.jsm:ConnectionData:257","resource://gre/modules/Sqlite.jsm:OpenedConnection:1183","resource://gre/modules/Sqlite.jsm:openConnection/</<:993"]},{"name":"storage-sync.sqlite#3: waiting for shutdown","state":{"identifier":"storage-sync.sqlite#3","isCloseRequested":false,"hasDbConn":true,"hasInProgressTransaction":false,"pendingStatements":0,"statementCounter":3},"filename":"resource://gre/modules/Sqlite.jsm","lineNumber":257,"stack":["resource://gre/modules/Sqlite.jsm:ConnectionData:257","resource://gre/modules/Sqlite.jsm:OpenedConnection:1183","resource://gre/modules/Sqlite.jsm:openConnection/</<:993"]},{"name":"storage-sync.sqlite#4: waiting for shutdown","state":{"identifier":"storage-sync.sqlite#4","isCloseRequested":false,"hasDbConn":true,"hasInProgressTransaction":false,"pendingStatements":0,"statementCounter":3},"filename":"resource://gre/modules/Sqlite.jsm","lineNumber":257,"stack":["resource://gre/modules/Sqlite.jsm:ConnectionData:257","resource://gre/modules/Sqlite.jsm:OpenedConnection:1183","resource://gre/modules/Sqlite.jsm:openConnection/</<:993"]}] Barrier: Sqlite.jsm: wait until all connections are closed
JavaScript error: resource:///modules/sessionstore/SessionSaver.jsm, line 179: NS_ERROR_FAILURE: Component returned failure code: 0x80004005 (NS_ERROR_FAILURE) [nsIAppShellService.hiddenDOMWindow]
*** UTM:SVC TimerManager:registerTimer called after profile-before-change notification. Ignoring timer registration for id: telemetry_modules_ping
FATAL ERROR: AsyncShutdown timeout in profile-before-change Conditions: [{"name":"Sqlite.jsm shutdown blocker","state":{"description":"Waiting for connections to close","state":[{"name":"storage-sync.sqlite#0: waiting for shutdown","state":{"identifier":"storage-sync.sqlite#0","isCloseRequested":false,"hasDbConn":true,"hasInProgressTransaction":false,"pendingStatements":0,"statementCounter":3},"filename":"resource://gre/modules/Sqlite.jsm","lineNumber":257,"stack":["resource://gre/modules/Sqlite.jsm:ConnectionData:257","resource://gre/modules/Sqlite.jsm:OpenedConnection:1183","resource://gre/modules/Sqlite.jsm:openConnection/</<:993"]},{"name":"storage-sync.sqlite#1: waiting for shutdown","state":{"identifier":"storage-sync.sqlite#1","isCloseRequested":false,"hasDbConn":true,"hasInProgressTransaction":false,"pendingStatements":0,"statementCounter":3},"filename":"resource://gre/modules/Sqlite.jsm","lineNumber":257,"stack":["resource://gre/modules/Sqlite.jsm:ConnectionData:257","resource://gre/modules/Sqlite.jsm:OpenedConnection:1183","resource://gre/modules/Sqlite.jsm:openConnection/</<:993"]},{"name":"storage-sync.sqlite#2: waiting for shutdown","state":{"identifier":"storage-sync.sqlite#2","isCloseRequested":false,"hasDbConn":true,"hasInProgressTransaction":false,"pendingStatements":0,"statementCounter":3},"filename":"resource://gre/modules/Sqlite.jsm","lineNumber":257,"stack":["resource://gre/modules/Sqlite.jsm:ConnectionData:257","resource://gre/modules/Sqlite.jsm:OpenedConnection:1183","resource://gre/modules/Sqlite.jsm:openConnection/</<:993"]},{"name":"storage-sync.sqlite#3: waiting for shutdown","state":{"identifier":"storage-sync.sqlite#3","isCloseRequested":false,"hasDbConn":true,"hasInProgressTransaction":false,"pendingStatements":0,"statementCounter":3},"filename":"resource://gre/modules/Sqlite.jsm","lineNumber":257,"stack":["resource://gre/modules/Sqlite.jsm:ConnectionData:257","resource://gre/modules/Sqlite.jsm:OpenedConnection:1183","resource://gre/modules/Sqlite.jsm:openConnection/</<:993"]},{"name":"storage-sync.sqlite#4: waiting for shutdown","state":{"identifier":"storage-sync.sqlite#4","isCloseRequested":false,"hasDbConn":true,"hasInProgressTransaction":false,"pending1613838582088	addons.xpi-utils	WARN	Add-on langpack-de@firefox.mozilla.org is not compatible with application version.
1613838582088	addons.xpi-utils	WARN	Add-on langpack-de@firefox.mozilla.org is not compatible with application version.
1613838582088	addons.xpi-utils	WARN	Add-on langpack-de@firefox.mozilla.org is not compatible with application version.
1613838582210	addons.webextension.screenshots@mozilla.org	WARN	Loading extension 'screenshots@mozilla.org': Reading manifest: Invalid extension permission: mozillaAddons
1613838582210	addons.webextension.screenshots@mozilla.org	WARN	Loading extension 'screenshots@mozilla.org': Reading manifest: Invalid extension permission: resource://pdf.js/
1613838582210	addons.webextension.screenshots@mozilla.org	WARN	Loading extension 'screenshots@mozilla.org': Reading manifest: Invalid extension permission: about:reader*
1613838582329	addons.xpi-utils	WARN	Add-on langpack-de@firefox.mozilla.org is not compatible with application version.
1613838582329	addons.xpi-utils	WARN	Add-on langpack-de@firefox.mozilla.org is not compatible with application version.
1613838582329	addons.xpi-utils	WARN	Add-on langpack-de@firefox.mozilla.org is not compatible with application version.
1613838582432	addons.webextension.screenshots@mozilla.org	WARN	Loading extension 'screenshots@mozilla.org': Reading manifest: Invalid extension permission: mozillaAddons
1613838582432	addons.webextension.screenshots@mozilla.org	WARN	Loading extension 'screenshots@mozilla.org': Reading manifest: Invalid extension permission: resource://pdf.js/
1613838582432	addons.webextension.screenshots@mozilla.org	WARN	Loading extension 'screenshots@mozilla.org': Reading manifest: Invalid extension permission: about:reader*
1613838582713	addons.xpi-utils	WARN	Add-on langpack-de@firefox.mozilla.org is not compatible with application version.
console.error: (new Error("Unknown database schema: 2", "resource://services-common/kinto-storage-adapter.js", 223))
console.error: (new Error("Unknown database schema: 2", "resource://services-common/kinto-storage-adapter.js", 223))
console.error: (new Error("Unknown database schema: 2", "resource://services-common/kinto-storage-adapter.js", 223))
JavaScript error: undefined, line 0: Error: An unexpected error occurred
console.error: (new Error("Unknown database schema: 2", "resource://services-common/kinto-storage-adapter.js", 223))
console.error: (new Error("Unknown database schema: 2", "resource://services-common/kinto-storage-adapter.js", 223))
1613838583153	Marionette	INFO	Listening on port 15906
1613838583369	Marionette	WARN	TLS certificate errors will be ignored for this session
[Parent 37992, Gecko_IOThread] WARNING: pipe error: 109: file z:/build/build/src/ipc/chromium/src/chrome/common/ipc_channel_win.cc, line 332
Extension error: [Exception... "Component returned failure code: 0x80004005 (NS_ERROR_FAILURE) [nsIDOMWindowUtils.removeSheetUsingURIString]"  nsresult: "0x80004005 (NS_ERROR_FAILURE)"  location: "JS frame :: resource://gre/modules/ExtensionCommon.jsm :: runSafeSyncWithoutClone :: line 65"  data: no] undefined 65
[[Exception stack
runSafeSyncWithoutClone@resource://gre/modules/ExtensionCommon.jsm:65:12
cleanup@resource://gre/modules/ExtensionContent.jsm:353:11
close@resource://gre/modules/ExtensionContent.jsm:814:7
inner-window-destroyed@resource://gre/modules/ExtensionContent.jsm:889:11
observe@resource://gre/modules/ExtensionContent.jsm:905:5
Current stack
runSafeSyncWithoutClone@resource://gre/modules/ExtensionCommon.jsm:67:129
cleanup@resource://gre/modules/ExtensionContent.jsm:353:11
close@resource://gre/modules/ExtensionContent.jsm:814:7
inner-window-destroyed@resource://gre/modules/ExtensionContent.jsm:889:11
observe@resource://gre/modules/ExtensionContent.jsm:905:5
]]
[Child 38216, Chrome_ChildThread] WARNING: pipe error: 109: file z:/build/build/src/ipc/chromium/src/chrome/common/ipc_channel_win.cc, line 332
[Child 38216, Chrome_Chil[Child 35924, Chrome_ChildThread] WARNING: pipe error: 109: file z:/build/build/src/ipc/chromium/src/chrome/common/ipc_channel_win.cc, line 332
[Child 35924, Chrome_Ch[WARNING: At least one completion condition is taking too long to complete. Conditions: [{"name":"Sqlite.jsm shutdown blocker","state":{"description":"Waiting for connections to close","state":[{"name":"storage-sync.sqlite#0: waiting for shutdown","state":{"identifier":"storage-sync.sqlite#0","isCloseRequested":false,"hasDbConn":true,"hasInProgressTransaction":false,"pendingStatements":0,"statementCounter":3},"filename":"resource://gre/modules/Sqlite.jsm","lineNumber":257,"stack":["resource://gre/modules/Sqlite.jsm:ConnectionData:257","resource://gre/modules/Sqlite.jsm:OpenedConnection:1183","resource://gre/modules/Sqlite.jsm:openConnection/</<:993"]},{"name":"storage-sync.sqlite#1: waiting for shutdown","state":{"identifier":"storage-sync.sqlite#1","isCloseRequested":false,"hasDbConn":true,"hasInProgressTransaction":false,"pendingStatements":0,"statementCounter":3},"filename":"resource://gre/modules/Sqlite.jsm","lineNumber":257,"stack":["resource://gre/modules/Sqlite.jsm:ConnectionData:257","resource://gre/modules/Sqlite.jsm:OpenedConnection:1183","resource://gre/modules/Sqlite.jsm:openConnection/</<:993"]},{"name":"storage-sync.sqlite#2: waiting for shutdown","state":{"identifier":"storage-sync.sqlite#2","isCloseRequested":false,"hasDbConn":true,"hasInProgressTransaction":false,"pendingStatements":0,"statementCounter":3},"filename":"resource://gre/modules/Sqlite.jsm","lineNumber":257,"stack":["resource://gre/modules/Sqlite.jsm:ConnectionData:257","resource://gre/modules/Sqlite.jsm:OpenedConnection:1183","resource://gre/modules/Sqlite.jsm:openConnection/</<:993"]},{"name":"storage-sync.sqlite#3: waiting for shutdown","state":{"identifier":"storage-sync.sqlite#3","isCloseRequested":false,"hasDbConn":true,"hasInProgressTransaction":false,"pendingStatements":0,"statementCounter":3},"filename":"resource://gre/modules/Sqlite.jsm","lineNumber":257,"stack":["resource://gre/modules/Sqlite.jsm:ConnectionData:257","resource://gre/modules/Sqlite.jsm:OpenedConnection:1183","resource://gre/modules/Sqlite.jsm:openConnection/</<:993"]},{"name":"storage-sync.sqlite#4: waiting for shutdown","state":{"identifier":"storage-sync.sqlite#4","isCloseRequested":false,"hasDbConn":true,"hasInProgressTransaction":false,"pendingStatements":0,"statementCounter":3},"filename":"resource://gre/modules/Sqlite.jsm","lineNumber":257,"stack":["resource://gre/modules/Sqlite.jsm:ConnectionData:257","resource://gre/modules/Sqlite.jsm:OpenedConnection:1183","resource://gre/modules/Sqlite.jsm:openConnection/</<:993"]}]},"filename":"resource://gre/modules/Sqlite.jsm","lineNumber":149,"stack":["resource://gre/modules/Sqlite.jsm:null:149","resource://gre/modules/XPCOMUtils.jsm:get:129","resource://gre/modules/Sqlite.jsm:ConnectionData:257","resource://gre/modules/Sqlite.jsm:OpenedConnection:1183","resource://gre/modules/Sqlite.jsm:cloneStorageConnection/</<:1073"]}] Barrier: profile-before-change
WARNING: At least one completion condition is taking too long to complete. Conditions: [{"name":"storage-sync.sqlite#0: waiting for shutdown","state":{"identifier":"storage-sync.sqlite#0","isCloseRequested":false,"hasDbConn":true,"hasInProgressTransaction":false,"pendingStatements":0,"statementCounter":3},"filename":"resource://gre/modules/Sqlite.jsm","lineNumber":257,"stack":["resource://gre/modules/Sqlite.jsm:ConnectionData:257","resource://gre/modules/Sqlite.jsm:OpenedConnection:1183","resource://gre/modules/Sqlite.jsm:openConnection/</<:993"]},{"name":"storage-sync.sqlite#1: waiting for shutdown","state":{"identifier":"storage-sync.sqlite#1","isCloseRequested":false,"hasDbConn":true,"hasInProgressTransaction":false,"pendingStatements":0,"statementCounter":3},"filename":"resource://gre/modules/Sqlite.jsm","lineNumber":257,"stack":["resource://gre/modules/Sqlite.jsm:ConnectionData:257","resource://gre/modules/Sqlite.jsm:OpenedConnection:1183","resource://gre/modules/Sqlite.jsm:openConnection/</<:993"]},{"name":"storage-sync.sqlite#2: waiting for shutdown","state":{"identifier":"storage-sync.sqlite#2","isCloseRequested":false,"hasDbConn":true,"hasInProgressTransaction":false,"pendingStatements":0,"statementCounter":3},"filename":"resource://gre/modules/Sqlite.jsm","lineNumber":257,"stack":["resource://gre/modules/Sqlite.jsm:ConnectionData:257","resource://gre/modules/Sqlite.jsm:OpenedConnection:1183","resource://gre/modules/Sqlite.jsm:openConnection/</<:993"]},{"name":"storage-sync.sqlite#3: waiting for shutdown","state":{"identifier":"storage-sync.sqlite#3","isCloseRequested":false,"hasDbConn":true,"hasInProgressTransaction":false,"pendingStatements":0,"statementCounter":3},"filename":"resource://gre/modules/Sqlite.jsm","lineNumber":257,"stack":["resource://gre/modules/Sqlite.jsm:ConnectionData:257","resource://gre/modules/Sqlite.jsm:OpenedConnection:1183","resource://gre/modules/Sqlite.jsm:openConnection/</<:993"]},{"name":"storage-sync.sqlite#4: waiting for shutdown","state":{"identifier":"storage-sync.sqlite#4","isCloseRequested":false,"hasDbConn":true,"hasInProgressTransaction":false,"pendingStatements":0,"statementCounter":3},"filename":"resource://gre/modules/Sqlite.jsm","lineNumber":257,"stack":["resource://gre/modules/Sqlite.jsm:ConnectionData:257","resource://gre/modules/Sqlite.jsm:OpenedConnection:1183","resource://gre/modules/Sqlite.jsm:openConnection/</<:993"]}] Barrier: Sqlite.jsm: wait until all connections are closed
JavaScript error: resource:///modules/sessionstore/SessionSaver.jsm, line 179: NS_ERROR_FAILURE: Component returned failure code: 0x80004005 (NS_ERROR_FAILURE) [nsIAppShellService.hiddenDOMWindow]
*** UTM:SVC TimerManager:registerTimer called after profile-1613838643934	mozrunner::runner	INFO	Running command: "C:\\Program Files\\Mozilla FirefoFATAL ERROR: AsyncShutdown timeout in profile-before-change Conditions: [{"name":"Sqlite.jsm shutdown blocker","state":{"description":"Waiting for connections to close","state":[{"name":"storage-sync.sqlite#0: waiting for shutdown","state":{"identifier":"storage-sync.sqlite#0","isCloseRequested":false,"hasDbConn":true,"hasInProgressTransaction":false,"pendingStatements":0,"statementCounter":3},"filename":"resource://gre/modules/Sqlite.jsm","lineNumber":257,"stack":["resource://gre/modules/Sqlite.jsm:ConnectionData:257","resource://gre/modules/Sqlite.jsm:OpenedConnection:1183","resource://gre/modules/Sqlite.jsm:openConnection/</<:993"]},{"name":"storage-sync.sqlite#1: waiting for shutdown","state":{"identifier":"storage-sync.sqlite#1","isCloseRequested":false,"hasDbConn":true,"hasInProgressTransaction":false,"pendingStatements":0,"statementCounter":3},"filename":"resource://gre/modules/Sqlite.jsm","lineNumber":257,"stack":["resource://gre/modules/Sqlite.jsm:ConnectionData:257","resource://gre/modules/Sqlite.jsm:OpenedConnection:1183","resource://gre/modules/Sqlite.jsm:openConnection/</<:993"]},{"name":"storage-sync.sqlite#2: waiting for shutdown","state":{"identifier":"storage-sync.sqlite#2","isCloseRequested":false,"hasDbConn":true,"hasInProgressTransaction":false,"pendingStatements":0,"statementCounter":3},"filename":"resource://gre/modules/Sqlite.jsm","lineNumber":257,"stack":["resource://gre/modules/Sqlite.jsm:ConnectionData:257","resource://gre/modules/Sqlite.jsm:OpenedConnection:1183","resource://gre/modules/Sqlite.jsm:openConnection/</<:993"]},{"name":"storage-sync.sqlite#3: waiting for shutdown","state":{"identifier":"storage-sync.sqlite#3","isCloseRequested":false,"hasDbConn":true,"hasInProgressTransaction":false,"pendingStatements":0,"statementCounter":3},"filename":"resource://gre/modules/Sqlite.jsm","lineNumber":257,"stack":["resource://gre/modules/Sqlite.jsm:ConnectionData:257","resource://gre/modules/Sqlite.jsm:OpenedConnection:1183","resource://gre/modules/Sqlite.jsm:openConnection/</<:993"]},{"name":"storage-sync.sqlite#4: waiting for shutdown","state":{"identifier":"storage-sync.sqlite#4","isCloseRequested":false,"hasDbConn":true,"hasInProgressTransaction":false,"pendingStatements":0,"statementCounter":3},"filename":"resource://gre/modules/Sqlite.jsm","lineNumber":257,"stack":["resource://gre/modules/Sqlite.jsm:ConnectionData:257","resource://gre/modules/Sqlite.jsm:OpenedConnection:1183","resource://gre/modules/Sqlite.jsm:openConnection/</<:993"]}]},"filename":"resource://gre/modules/Sqlite.jsm","lineNumber":149,"stack":["resource://gre/modules/Sqlite.jsm:null:149","resource://gre/modules/XPCOMUtils.jsm:get:129","resource://gre/modules/Sqlite.jsm:ConnectionData:257","resource://gre/modules/Sqlite.jsm:OpenedConnection:1183","resource://gre/modules/Sqlite.jsm:cloneStorageConnection/</<:1073"]}] At least one completion condition failed to complete within a reasonable amount of time. Causing a crash to ensure that we do not leave the user with an unresponsive process draining resources.
[Parent 37992, Main Thread] ###!!! ABORT: file resource://gre/modules/Sqlite.jsm, line 149
[Parent 37992, Main Thread] ###!!! ABORT: file resource://gre/modules/Sqlite.jsm, line 149
angpack-de@firefox.mozilla.org is not compatible with application version.
1613838644561	addons.webextension.screenshots@mozilla.org	WARN	Loading extension 'screenshots@mozilla.org': Reading manifest: Invalid extension permission: mozillaAddons
1613838644561	addons.webextension.screenshots@mozilla.org	WARN	Loading extension 'screenshots@mozilla.org': Reading manifest: Invalid extension permission: resource://pdf.js/
1613838644561	addons.webextension.screenshots@mozilla.org	WARN	Loading extension 'screenshots@mozilla.org': Reading manifest: Invalid extension permission: about:reader*
1613838644838	addons.xpi-utils	WARN	Add-on langpack-de@firefox.mozilla.org is not compatible with application version.
console.error: (new Error("Unknown database schema: 2", "resource://services-common/kinto-storage-adapter.js", 223))
console.error: (new Error("Unknown database schema: 2", "resource://services-common/kinto-storage-adapter.js", 223))
console.error: (new Error("Unknown database schema: 2", "resource://services-common/kinto-storage-adapter.js", 223))
JavaScript error: undefined, line 0: Error: An unexpected error occurred
console.error: (new Error("Unknown database schema: 2", "resource://services-common/kinto-storage-adapter.js", 223))
console.error: (new Error("Unknown database schema: 2", "resource://services-common/kinto-storage-adapter.js", 223))
1613838645293	Marionette	INFO	Listening on port 15980
1613838645539	Marionette	WARN	TLS certificate errors will be ignored for this session
JavaScript error: resource://gre/modules/Sqlite.jsm, line 81: Error: Warning: Sqlite connection 'storage-sync.sqlite#0' was not properly closed. Auto-close triggered by garbage collection.

JavaScript error: resource://gre/modules/Sqlite.jsm, line 81: Error: Warning: Sqlite connection 'storage-sync.sqlite#1' was not properly closed. Auto-close triggered by garbage collection.

JavaScript error: resource://gre/modules/Sqlite.jsm, line 81: Error: Warning: Sqlite connection 'storage-sync.sqlite#2' was not properly closed. Auto-close triggered by garbage collection.

JavaScript error: resource://gre/modules/Sqlite.jsm, line 81: Error: Warning: Sqlite connection 'storage-sync.sqlite#3' was not properly closed. Auto-close triggered by garbage collection.

JavaScript error: resource://gre/modules/Sqlite.jsm, line 81: Error: Warning: Sqlite connection 'storage-sync.sqlite#4' was not properly closed. Auto-close triggered by garbage collection.

1613839514712	addons.xpi-utils	WARN	Add-on langpack-de@firefox.mozilla.org is not compatible with application version.
Extension error: [Exception... "Component returned failure code: 0x80004005 (NS_ERROR_FAILURE) [nsIDOMWindowUtils.removeSheetUsingURIString]"  nsresult: "0x80004005 (NS_ERROR_FAILURE)"  location: "JS frame :: resource://gre/modules/ExtensionCommon.jsm :: runSafeSyncWithoutClone :: line 65"  data: no] undefined 65
[[Exception stack
runSafeSyncWithoutClone@resource://gre/modules/ExtensionCommon.jsm:65:12
cleanup@resource://gre/modules/ExtensionContent.jsm:353:11
close@resource://gre/modules/ExtensionContent.jsm:814:7
inner-window-destroyed@resource://gre/modules/ExtensionContent.jsm:889:11
observe@resource://gre/modules/ExtensionContent.jsm:905:5
Current stack
runSafeSyncWithoutClone@resource://gre/modules/ExtensionCommon.jsm:67:129
cleanup@resource://gre/modules/ExtensionContent.jsm:353:11
close@resource://gre/modules/ExtensionContent.jsm:814:7
inner-window-destroyed@resource://gre/modules/ExtensionContent.jsm:889:11
observe@resource://gre/modules/ExtensionContent.jsm:905:5
]]
[Parent 37376, Gecko_IOThread] WARNING: pipe error: 109: file z:/build/build/src/ipc/chromium/src/chrome/common/ipc_channel_win.cc, line 332
[Parent 37376, Gecko_IOThread] WARNING: pipe error: 109: file z:/build/build/src/ipc/chromium/src/chrome/common/ipc_channel_win.cc, line 332
[Child 37704, Chrome_ChildThread] WARNING: pipe error: 109: file z:/build/build/src/ipc/chromium/src/chr[Child 29564, Chrome_ChildThread] WARNING: pipe error: 109: file z:/build/buome/common/ipc_channel_ild/src/ipc/chromium/src/chrome/common/ipc_channel_win.cc, line 332win.cc, line 332

[Child 37704, Chrom[Ch[Child 37632, Chrome_ChildThread] WARNING: pipe error: 109: file z:/build/build/src/ipc/chromium/src/chrome/common/ipc_channel_win.cc, line 332
[Child 37632, Chrome_ChildThread]1613839915696	Marionette	INFO	Stopped listening on port 15980

###!!! [Child][RunMessage] Error: Channel closing: too late to send/recv, messages will be lost

[GPU 31360, Chrome_ChildThre
###!!! [Child][MessageChannel::SendAndWait] Error: Channel error: cannot send/recv

 add-ons database from installed extensions.
1613839193425	addons.xpi-utils	WARN	Add-on langpack-de@firefox.mozilla.org is not compatible with application version.
1613839193425	addons.xpi-utils	WARN	Add-on langpack-de@firefox.mozilla.org is not compatible with application version.
1613839193425	addons.xpi-utils	WARN	Add-on langpack-de@firefox.mozilla.org is not compatible with application version.
1613839193536	addons.webextension.screenshots@mozilla.org	WARN	Loading extension 'screenshots@mozilla.org': Reading manifest: Invalid extension permission: mozillaAddons
1613839193536	addons.webextension.screenshots@mozilla.org	WARN	Loading extension 'screenshots@mozilla.org': Reading manifest: Invalid extension permission: resource://pdf.js/
1613839193536	addons.webextension.screenshots@mozilla.org	WARN	Loading extension 'screenshots@mozilla.org': Reading manifest: Invalid extension permission: about:reader*
1613839193647	addons.xpi-utils	WARN	Add-on langpack-de@firefox.mozilla.org is not compatible with application version.
1613839193647	addons.xpi-utils	WARN	Add-on langpack-de@firefox.mozilla.org is not compatible with application version.
1613839193647	addons.xpi-utils	WARN	Add-on langpack-de@firefox.mozilla.org is not compatible with application version.
1613839193748	addons.webextension.screenshots@mozilla.org	WARN	Loading extension 'screenshots@mozilla.org': Reading manifest: Invalid extension permission: mozillaAddons
1613839193748	addons.webextension.screenshots@mozilla.org	WARN	Loading extension 'screenshots@mozilla.org': Reading manifest: Invalid extension permission: resource://pdf.js/
1613839193748	addons.webextension.screenshots@mozilla.org	WARN	Loading extension 'screenshots@mozilla.org': Reading manifest: Invalid extension permission: about:reader*
1613839194037	addons.xpi-utils	WARN	Add-on langpack-de@firefox.mozilla.org is not compatible with application version.
console.error: (new Error("Unknown database schema: 2", "resource://services-common/kinto-storage-adapter.js", 223))
console.error: (new Error("Unknown database schema: 2", "resource://services-common/kinto-storage-adapter.js", 223))
console.error: (new Error("Unknown database schema: 2", "resource://services-common/kinto-storage-adapter.js", 223))
JavaScript error: undefined, line 0: Error: An unexpected error occurred
console.error: (new Error("Unknown database schema: 2", "resource://services-common/kinto-storage-adapter.js", 223))
console.error: (new Error("Unknown database schema: 2", "resource://services-common/kinto-storage-adapter.js", 223))
1613839194483	Marionette	INFO	Listening on port 16638
1613839194714	Marionette	WARN	TLS certificate errors will be ignored for this session
JavaScript error: resource://gre/modules/Sqlite.jsm, line 81: Error: Warning: Sqlite connection 'storage-sync.sqlite#0' was not properly closed. Auto-close triggered by garbage collection.

JavaScript error: resource://gre/modules/Sqlite.jsm, line 81: Error: Warning: Sqlite connection 'storage-sync.sqlite#1' was not properly closed. Auto-close triggered by garbage collection.

JavaScript error: resource://gre/modules/Sqlite.jsm, line 81: Error: Warning: Sqlite connection 'storage-sync.sqlite#2' was not properly closed. Auto-close triggered by garbage collection.

JavaScript error: resource://gre/modules/Sqlite.jsm, line 81: Error: Warning: Sqlite connection 'storage-sync.sqlite#3' was not properly closed. Auto-close triggered by garbage collection.

JavaScript error: resource://gre/modules/Sqlite.jsm, line 81: Error: Warning: Sqlite connection 'storage-sync.sqlite#4' was not properly closed. Auto-close triggered by garbage collection.

Extension error: [Exception... "Component returned failure code: 0x80004005 (NS_ERROR_FAILURE) [nsIDOMWindowUtils.removeSheetUsingURIString]"  nsresult: "0x80004005 (NS_ERROR_FAILURE)"  location: "JS frame :: resource://gre/modules/ExtensionCommon.jsm :: runSafeSyncWithoutClone :: line 65"  data: no] undefined 65
[[Exception stack
runSafeSyncWithoutClone@resource://gre/modules/ExtensionCommon.jsm:65:12
cleanup@resource://gre/modules/ExtensionContent.jsm:353:11
close@resource://gre/modules/ExtensionContent.jsm:814:7
inner-window-destroyed@resource://gre/modules/ExtensionContent.jsm:889:11
observe@resource://gre/modules/ExtensionContent.jsm:905:5
Current stack
runSafeSyncWithoutClone@resource://gre/modules/ExtensionCommon.jsm:67:129
cleanup@resource://gre/modules/ExtensionContent.jsm:353:11
close@resource://gre/modules/ExtensionContent.jsm:814:7
inner-window-destroyed@resource://gre/modules/ExtensionContent.jsm:889:11
observe@resource://gre/modules/ExtensionContent.jsm:905:5
]]
[Parent 35204, Gecko_IOThread] WARNING: pipe error: 109: file z:/build/build/src/ipc/chromium/src/chrome/common/ipc_channel_win.cc, line 332
[C[Child 11396, Chrome_ChildThread] WARNING: pipe error: 109: file z:/build/build/src/ipc/chromium/src/chrome/common/ipc_channel_win.cc, line 332
[Child 11396, Chrome_Chil[Child 40352, Chrome_ChildThread] WARNING: pipe error: 109: file z:/build/build/src/ipc/chromium/src/chrome/common/ipc_channel_win.cc, line 332
[Child 40352, Chrome_ChildThread] WARNING: pipe erro1613839914981	Marionette	INFO	Stopped listening on port 16638
[GPU 35300, C
###!!! [Child][MessageChannel::SendAndWait] Error: Channel error: cannot send/recv

se.jsm:262:15
parseDB/<@XPIDatabase.jsm:1348:24
parseDB@XPIDatabase.jsm:1338:13
asyncLoadDB/this._dbPromise<@XPIDatabase.jsm:1409:15
awaitPromise@XPIProvider.jsm:186:3
syncLoadDB@XPIDatabase.jsm:1291:7
checkForChanges@XPIProvider.jsm:2568:9
startup@XPIProvider.jsm:2148:25
callProvider@AddonManager.jsm:203:12
_startProvider@AddonManager.jsm:652:5
startup@AddonManager.jsm:805:9
startup@AddonManager.jsm:2775:5
observe@addonManager.js:66:9
1613839659879	addons.xpi-utils	WARN	Rebuilding add-ons database from installed extensions.
1613839659991	addons.xpi-utils	WARN	Add-on langpack-de@firefox.mozilla.org is not compatible with application version.
1613839659991	addons.xpi-utils	WARN	Add-on langpack-de@firefox.mozilla.org is not compatible with application version.
1613839659991	addons.xpi-utils	WARN	Add-on langpack-de@firefox.mozilla.org is not compatible with application version.
1613839660103	addons.webextension.screenshots@mozilla.org	WARN	Loading extension 'screenshots@mozilla.org': Reading manifest: Invalid extension permission: mozillaAddons
1613839660103	addons.webextension.screenshots@mozilla.org	WARN	Loading extension 'screenshots@mozilla.org': Reading manifest: Invalid extension permission: resource://pdf.js/
1613839660103	addons.webextension.screenshots@mozilla.org	WARN	Loading extension 'screenshots@mozilla.org': Reading manifest: Invalid extension permission: about:reader*
1613839660217	addons.xpi-utils	WARN	Add-on langpack-de@firefox.mozilla.org is not compatible with application version.
1613839660217	addons.xpi-utils	WARN	Add-on langpack-de@firefox.mozilla.org is not compatible with application version.
1613839660217	addons.xpi-utils	WARN	Add-on langpack-de@firefox.mozilla.org is not compatible with application version.
1613839660320	addons.webextension.screenshots@mozilla.org	WARN	Loading extension 'screenshots@mozilla.org': Reading manifest: Invalid extension permission: mozillaAddons
1613839660320	addons.webextension.screenshots@mozilla.org	WARN	Loading extension 'screenshots@mozilla.org': Reading manifest: Invalid extension permission: resource://pdf.js/
1613839660320	addons.webextension.screenshots@mozilla.org	WARN	Loading extension 'screenshots@mozilla.org': Reading manifest: Invalid extension permission: about:reader*
1613839660612	addons.xpi-utils	WARN	Add-on langpack-de@firefox.mozilla.org is not compatible with application version.
console.error: (new Error("Unknown database schema: 2", "resource://services-common/kinto-storage-adapter.js", 223))
console.error: (new Error("Unknown database schema: 2", "resource://services-common/kinto-storage-adapter.js", 223))
console.error: (new Error("Unknown database schema: 2", "resource://services-common/kinto-storage-adapter.js", 223))
JavaScript error: undefined, line 0: Error: An unexpected error occurred
console.error: (new Error("Unknown database schema: 2", "resource://services-common/kinto-storage-adapter.js", 223))
console.error: (new Error("Unknown database schema: 2", "resource://services-common/kinto-storage-adapter.js", 223))
1613839661032	Marionette	INFO	Listening on port 17202
1613839661275	Marionette	WARN	TLS certificate errors will be ignored for this session
JavaScript error: resource://gre/modules/Sqlite.jsm, line 81: Error: Warning: Sqlite connection 'storage-sync.sqlite#0' was not properly closed. Auto-close triggered by garbage collection.

JavaScript error: resource://gre/modules/Sqlite.jsm, line 81: Error: Warning: Sqlite connection 'storage-sync.sqlite#1' was not properly closed. Auto-close triggered by garbage collection.

JavaScript error: resource://gre/modules/Sqlite.jsm, line 81: Error: Warning: Sqlite connection 'storage-sync.sqlite#2' was not properly closed. Auto-close triggered by garbage collection.

JavaScript error: resource://gre/modules/Sqlite.jsm, line 81: Error: Warning: Sqlite connection 'storage-sync.sqlite#3' was not properly closed. Auto-close triggered by garbage collection.

JavaScript error: resource://gre/modules/Sqlite.jsm, line 81: Error: Warning: Sqlite connection 'storage-sync.sqlite#4' was not properly closed. Auto-close triggered by garbage collection.

Extension error: [Exception... "Component returned failure code: 0x80004005 (NS_ERROR_FAILURE) [nsIDOMWindowUtils.removeSheetUsingURIString]"  nsresult: "0x80004005 (NS_ERROR_FAILURE)"  location: "JS frame :: resource://gre/modules/ExtensionCommon.jsm :: runSafeSyncWithoutClone :: line 65"  data: no] undefined 65
[[Exception stack
runSafeSyncWithoutClone@resource://gre/modules/ExtensionCommon.jsm:65:12
cleanup@resource://gre/modules/ExtensionContent.jsm:353:11
close@resource://gre/modules/ExtensionContent.jsm:814:7
inner-window-destroyed@resource://gre/modules/ExtensionContent.jsm:889:11
observe@resource://gre/modules/ExtensionContent.jsm:905:5
Current stack
runSafeSyncWithoutClone@resource://gre/modules/ExtensionCommon.jsm:67:129
cleanup@resource://gre/modules/ExtensionContent.jsm:353:11
close@resource://gre/modules/ExtensionContent.jsm:814:7
inner-window-destroyed@resource://gre/modules/ExtensionContent.jsm:889:11
observe@resource://gre/modules/ExtensionContent.jsm:905:5
]]
[Child 35648, Chrome_ChildThread] WARNING: pipe error: 109: file z:/build/build/src/ipc/chromium/src/chrome/comm[Child 23064, Chrome_ChildThread] WARNING: pipe error: 109: file z:/build/build/src/ipc/chromium/src/chroon/ipc_me/common/ipc_channel_win.cc, line 332
channel_win.cc, li[Child 23064, Chrne 332
[Child 35648, Chrome_ChildThread] WARNIN[Parent 38656, Gecko_IOThread] WARNING: pipe error: 109: file z:/build/build/src/ipc/chromium/src/chrome/common/ipc_channel_win.cc, line 332
[Child 38360, Chrome_ChildThread] WARNING: pipe error: 109: file z:/build/build/src/ipc/chromium/src/chrome/common/ipc_channel_win.cc, line 332
[Child 38360, Chrome_ChildThread1613839917003	Marionette	INFO	Stopped listening on port 17202
[GPU 23972, Chrome_Chil
###!!! [Child][RunMessage] Error: Channel closing: too late to send/recv, messages will be lost


###!!! [Child][MessageChannel::SendAndWait] Error: Channel error: cannot send/recv

r.jsm:2148:25
callProvider@AddonManager.jsm:203:12
_startProvider@AddonManager.jsm:652:5
startup@AddonManager.jsm:805:9
startup@AddonManager.jsm:2775:5
observe@addonManager.js:66:9
1613839756396	addons.xpi-utils	WARN	Rebuilding add-ons database from installed extensions.
1613839756507	addons.xpi-utils	WARN	Add-on langpack-de@firefox.mozilla.org is not compatible with application version.
1613839756507	addons.xpi-utils	WARN	Add-on langpack-de@firefox.mozilla.org is not compatible with application version.
1613839756507	addons.xpi-utils	WARN	Add-on langpack-de@firefox.mozilla.org is not compatible with application version.
1613839756617	addons.webextension.screenshots@mozilla.org	WARN	Loading extension 'screenshots@mozilla.org': Reading manifest: Invalid extension permission: mozillaAddons
1613839756617	addons.webextension.screenshots@mozilla.org	WARN	Loading extension 'screenshots@mozilla.org': Reading manifest: Invalid extension permission: resource://pdf.js/
1613839756617	addons.webextension.screenshots@mozilla.org	WARN	Loading extension 'screenshots@mozilla.org': Reading manifest: Invalid extension permission: about:reader*
1613839756729	addons.xpi-utils	WARN	Add-on langpack-de@firefox.mozilla.org is not compatible with application version.
1613839756729	addons.xpi-utils	WARN	Add-on langpack-de@firefox.mozilla.org is not compatible with application version.
1613839756729	addons.xpi-utils	WARN	Add-on langpack-de@firefox.mozilla.org is not compatible with application version.
1613839756833	addons.webextension.screenshots@mozilla.org	WARN	Loading extension 'screenshots@mozilla.org': Reading manifest: Invalid extension permission: mozillaAddons
1613839756833	addons.webextension.screenshots@mozilla.org	WARN	Loading extension 'screenshots@mozilla.org': Reading manifest: Invalid extension permission: resource://pdf.js/
1613839756833	addons.webextension.screenshots@mozilla.org	WARN	Loading extension 'screenshots@mozilla.org': Reading manifest: Invalid extension permission: about:reader*
1613839757118	addons.xpi-utils	WARN	Add-on langpack-de@firefox.mozilla.org is not compatible with application version.
console.error: (new Error("Unknown database schema: 2", "resource://services-common/kinto-storage-adapter.js", 223))
console.error: (new Error("Unknown database schema: 2", "resource://services-common/kinto-storage-adapter.js", 223))
console.error: (new Error("Unknown database schema: 2", "resource://services-common/kinto-storage-adapter.js", 223))
JavaScript error: undefined, line 0: Error: An unexpected error occurred
console.error: (new Error("Unknown database schema: 2", "resource://services-common/kinto-storage-adapter.js", 223))
console.error: (new Error("Unknown database schema: 2", "resource://services-common/kinto-storage-adapter.js", 223))
1613839757560	Marionette	INFO	Listening on port 17391
1613839757779	Marionette	WARN	TLS certificate errors will be ignored for this session
JavaScript error: resource://gre/modules/Sqlite.jsm, line 81: Error: Warning: Sqlite connection 'storage-sync.sqlite#0' was not properly closed. Auto-close triggered by garbage collection.

JavaScript error: resource://gre/modules/Sqlite.jsm, line 81: Error: Warning: Sqlite connection 'storage-sync.sqlite#1' was not properly closed. Auto-close triggered by garbage collection.

JavaScript error: resource://gre/modules/Sqlite.jsm, line 81: Error: Warning: Sqlite connection 'storage-sync.sqlite#2' was not properly closed. Auto-close triggered by garbage collection.

JavaScript error: resource://gre/modules/Sqlite.jsm, line 81: Error: Warning: Sqlite connection 'storage-sync.sqlite#3' was not properly closed. Auto-close triggered by garbage collection.

JavaScript error: resource://gre/modules/Sqlite.jsm, line 81: Error: Warning: Sqlite connection 'storage-sync.sqlite#4' was not properly closed. Auto-close triggered by garbage collection.

Extension error: [Exception... "Component returned failure code: 0x80004005 (NS_ERROR_FAILURE) [nsIDOMWindowUtils.removeSheetUsingURIString]"  nsresult: "0x80004005 (NS_ERROR_FAILURE)"  location: "JS frame :: resource://gre/modules/ExtensionCommon.jsm :: runSafeSyncWithoutClone :: line 65"  data: no] undefined 65
[[Exception stack
runSafeSyncWithoutClone@resource://gre/modules/ExtensionCommon.jsm:65:12
cleanup@resource://gre/modules/ExtensionContent.jsm:353:11
close@resource://gre/modules/ExtensionContent.jsm:814:7
inner-window-destroyed@resource://gre/modules/ExtensionContent.jsm:889:11
observe@resource://gre/modules/ExtensionContent.jsm:905:5
Current stack
runSafeSyncWithoutClone@resource://gre/modules/ExtensionCommon.jsm:67:129
cleanup@resource://gre/modules/ExtensionContent.jsm:353:11
close@resource://gre/modules/ExtensionContent.jsm:814:7
inner-window-destroyed@resource://gre/modules/ExtensionContent.jsm:889:11
observe@resource://gre/modules/ExtensionContent.jsm:905:5
]]
[Parent 3676, Gecko_IOThread] WARNING: pipe error: 109: file z:/build/build/src/ipc/chromium/src/chrome/common/ipc_channel_win.cc, line 332
[Parent 3676, Gecko_IOThread] WARNING: pipe error: 109: file z:/build/build/src/ipc/chromium/src/chrome/common/ipc_channel_win.cc, line 332
[Child 33724, Chrome_ChildThread] WARNING: pipe error: 109: file z:/build/build/src/ipc/chromium/src/chrome/common/ipc_channel_win.cc, line 332
[Child 33724, Chrome_ChildThread] WARNING:[Child 36908, Chrome_ChildThread] WARNING: pipe error: 109: file z:/build/build/src/ipc/chromium/src/chrome/common/ipc_channel_win.cc, line 332
[Child 36908, Chrome_Chil[Parent 3676, Gecko_IOThread] WARNING: pipe error: 109: file z:/build/build/src/ipc/chromium/src/chrome/common/ipc_channel_win.cc, line 332
[Child 37644, Chrome_ChildThread] WARNING: pipe error: 109: file z:/build/build/src/ipc/chromium/src/chrome/common/ipc_channel_win.cc, line 332
[Child 37644, Chrome_ChildThread] WARNIN1613839832672	Marionette	INFO	Stopped listening on port 17391

###!!! [Child][RunMessage] Error: Channel closing: too late to send/recv, messages will be lost

[GPU 37760, Chrome_ChildThre
###!!! [Child][MessageChannel::SendAndWait] Error: Channel error: cannot send/recv

utils	WARN	Add-on langpack-de@firefox.mozilla.org is not compatible with application version.
1613839786774	addons.xpi-utils	WARN	Add-on langpack-de@firefox.mozilla.org is not compatible with application version.
1613839786774	addons.xpi-utils	WARN	Add-on langpack-de@firefox.mozilla.org is not compatible with application version.
1613839786886	addons.webextension.screenshots@mozilla.org	WARN	Loading extension 'screenshots@mozilla.org': Reading manifest: Invalid extension permission: mozillaAddons
1613839786886	addons.webextension.screenshots@mozilla.org	WARN	Loading extension 'screenshots@mozilla.org': Reading manifest: Invalid extension permission: resource://pdf.js/
1613839786886	addons.webextension.screenshots@mozilla.org	WARN	Loading extension 'screenshots@mozilla.org': Reading manifest: Invalid extension permission: about:reader*
1613839786996	addons.xpi-utils	WARN	Add-on langpack-de@firefox.mozilla.org is not compatible with application version.
1613839786996	addons.xpi-utils	WARN	Add-on langpack-de@firefox.mozilla.org is not compatible with application version.
1613839786997	addons.xpi-utils	WARN	Add-on langpack-de@firefox.mozilla.org is not compatible with application version.
1613839787097	addons.webextension.screenshots@mozilla.org	WARN	Loading extension 'screenshots@mozilla.org': Reading manifest: Invalid extension permission: mozillaAddons
1613839787097	addons.webextension.screenshots@mozilla.org	WARN	Loading extension 'screenshots@mozilla.org': Reading manifest: Invalid extension permission: resource://pdf.js/
1613839787098	addons.webextension.screenshots@mozilla.org	WARN	Loading extension 'screenshots@mozilla.org': Reading manifest: Invalid extension permission: about:reader*
1613839787380	addons.xpi-utils	WARN	Add-on langpack-de@firefox.mozilla.org is not compatible with application version.
console.error: (new Error("Unknown database schema: 2", "resource://services-common/kinto-storage-adapter.js", 223))
console.error: (new Error("Unknown database schema: 2", "resource://services-common/kinto-storage-adapter.js", 223))
console.error: (new Error("Unknown database schema: 2", "resource://services-common/kinto-storage-adapter.js", 223))
JavaScript error: undefined, line 0: Error: An unexpected error occurred
console.error: (new Error("Unknown database schema: 2", "resource://services-common/kinto-storage-adapter.js", 223))
console.error: (new Error("Unknown database schema: 2", "resource://services-common/kinto-storage-adapter.js", 223))
1613839787845	Marionette	INFO	Listening on port 17466
1613839788060	Marionette	WARN	TLS certificate errors will be ignored for this session
[Parent 9560, Gecko_IOThread] WARNING: pipe error: 109: file z:/build/build/src/ipc/chromium/src/chrome/common/ipc_channel_win.cc, line 332
JavaScript error: resource://gre/modules/Sqlite.jsm, line 81: Error: Warning: Sqlite connection 'storage-sync.sqlite#0' was not properly closed. Auto-close triggered by garbage collection.

JavaScript error: resource://gre/modules/Sqlite.jsm, line 81: Error: Warning: Sqlite connection 'storage-sync.sqlite#1' was not properly closed. Auto-close triggered by garbage collection.

JavaScript error: resource://gre/modules/Sqlite.jsm, line 81: Error: Warning: Sqlite connection 'storage-sync.sqlite#2' was not properly closed. Auto-close triggered by garbage collection.

JavaScript error: resource://gre/modules/Sqlite.jsm, line 81: Error: Warning: Sqlite connection 'storage-sync.sqlite#3' was not properly closed. Auto-close triggered by garbage collection.

JavaScript error: resource://gre/modules/Sqlite.jsm, line 81: Error: Warning: Sqlite connection 'storage-sync.sqlite#4' was not properly closed. Auto-close triggered by garbage collection.

Extension error: [Exception... "Component returned failure code: 0x80004005 (NS_ERROR_FAILURE) [nsIDOMWindowUtils.removeSheetUsingURIString]"  nsresult: "0x80004005 (NS_ERROR_FAILURE)"  location: "JS frame :: resource://gre/modules/ExtensionCommon.jsm :: runSafeSyncWithoutClone :: line 65"  data: no] undefined 65
[[Exception stack
runSafeSyncWithoutClone@resource://gre/modules/ExtensionCommon.jsm:65:12
cleanup@resource://gre/modules/ExtensionContent.jsm:353:11
close@resource://gre/modules/ExtensionContent.jsm:814:7
inner-window-destroyed@resource://gre/modules/ExtensionContent.jsm:889:11
observe@resource://gre/modules/ExtensionContent.jsm:905:5
Current stack
runSafeSyncWithoutClone@resource://gre/modules/ExtensionCommon.jsm:67:129
cleanup@resource://gre/modules/ExtensionContent.jsm:353:11
close@resource://gre/modules/ExtensionContent.jsm:814:7
inner-window-destroyed@resource://gre/modules/ExtensionContent.jsm:889:11
observe@resource://gre/modules/ExtensionContent.jsm:905:5
]]
[Child 42424, Chrome_ChildThread] WARNING: pipe error: 109: file z:/build[/build/src/ipc/chromium/src/chromChild 42056, Chrome_ChildThread] WARNING: pipe error: 109: file z:/build/build/src/ipc/chromium/src/chrome/common/ipc_channel_win.cc, line 332
e/common/ipc_channel_win.cc, line 332
[Child 42424, Chrome_ChildThre[Parent 9560, Gecko_IOThread] WARNING: pipe error: 109: file z:/build/build/src/ipc/chromium/src/chrome/common/ipc_channel_win.cc, line 332
[Child 34876, Chrome_ChildThread] WARNING: pipe error: 109: file z:/build/build/src/ipc/chromium/src/chrome/common/ipc_channel_win.cc, line 332
[Child 34876, Chrome_Child1613839830390	Marionette	INFO	Stopped listening on port 17466
[
###!!! [Child][MessageChannel::SendAndWait] Error: Channel error: cannot send/recv

1613839891822	geckodriver	INFO	Listening on 127.0.0.1:17608
1613839895270	mozrunner::runner	INFO	Running command: "C:\\Program Files\\Mozilla Firefox\\firefox.exe" "--marionette" "-foreground" "-no-remote" "-profile" "C:\\Users\\Morplson\\AppData\\Local\\Temp\\rust_mozprofileIzC3Pi"
1613839895468	addons.xpi-utils	WARN	Could not find source bundle for add-on default-theme@mozilla.org: [Exception... "Component returned failure code: 0x80004005 (NS_ERROR_FAILURE) [nsIFile.initWithPath]"  nsresult: "0x80004005 (NS_ERROR_FAILURE)"  location: "JS frame :: resource://gre/modules/addons/XPIDatabase.jsm :: parseDB/< :: line 1340"  data: no] Stack trace: parseDB/<()@resource://gre/modules/addons/XPIDatabase.jsm:1340
parseDB()@resource://gre/modules/addons/XPIDatabase.jsm:1338
asyncLoadDB/this._dbPromise<()@resource://gre/modules/addons/XPIDatabase.jsm:1409
awaitPromise()@resource://gre/modules/addons/XPIProvider.jsm:186
syncLoadDB()@resource://gre/modules/addons/XPIDatabase.jsm:1291
checkForChanges()@resource://gre/modules/addons/XPIProvider.jsm:2568
startup()@resource://gre/modules/addons/XPIProvider.jsm:2148
callProvider()@resource://gre/modules/AddonManager.jsm:203
_startProvider()@resource://gre/modules/AddonManager.jsm:652
startup()@resource://gre/modules/AddonManager.jsm:805
startup()@resource://gre/modules/AddonManager.jsm:2775
observe()@jar:file:///C:/Program%20Files/Mozilla%20Firefox/omni.ja!/components/addonManager.js:66
1613839895469	addons.xpi-utils	ERROR	Failed to load XPI JSON data from profile: Error: Expected passed argument to contain a path(resource://gre/modules/addons/XPIDatabase.jsm:262:15) JS Stack trace: AddonInternal@XPIDatabase.jsm:262:15
parseDB/<@XPIDatabase.jsm:1348:24
parseDB@XPIDatabase.jsm:1338:13
asyncLoadDB/this._dbPromise<@XPIDatabase.jsm:1409:15
awaitPromise@XPIProvider.jsm:186:3
syncLoadDB@XPIDatabase.jsm:1291:7
checkForChanges@XPIProvider.jsm:2568:9
startup@XPIProvider.jsm:2148:25
callProvider@AddonManager.jsm:203:12
_startProvider@AddonManager.jsm:652:5
startup@AddonManager.jsm:805:9
startup@AddonManager.jsm:2775:5
observe@addonManager.js:66:9
1613839895469	addons.xpi-utils	WARN	Rebuilding add-ons database from installed extensions.
1613839895580	addons.xpi-utils	WARN	Add-on langpack-de@firefox.mozilla.org is not compatible with application version.
1613839895580	addons.xpi-utils	WARN	Add-on langpack-de@firefox.mozilla.org is not compatible with application version.
1613839895580	addons.xpi-utils	WARN	Add-on langpack-de@firefox.mozilla.org is not compatible with application version.
1613839895690	addons.webextension.screenshots@mozilla.org	WARN	Loading extension 'screenshots@mozilla.org': Reading manifest: Invalid extension permission: mozillaAddons
1613839895690	addons.webextension.screenshots@mozilla.org	WARN	Loading extension 'screenshots@mozilla.org': Reading manifest: Invalid extension permission: resource://pdf.js/
1613839895690	addons.webextension.screenshots@mozilla.org	WARN	Loading extension 'screenshots@mozilla.org': Reading manifest: Invalid extension permission: about:reader*
1613839895803	addons.xpi-utils	WARN	Add-on langpack-de@firefox.mozilla.org is not compatible with application version.
1613839895803	addons.xpi-utils	WARN	Add-on langpack-de@firefox.mozilla.org is not compatible with application version.
1613839895803	addons.xpi-utils	WARN	Add-on langpack-de@firefox.mozilla.org is not compatible with application version.
1613839895903	addons.webextension.screenshots@mozilla.org	WARN	Loading extension 'screenshots@mozilla.org': Reading manifest: Invalid extension permission: mozillaAddons
1613839895903	addons.webextension.screenshots@mozilla.org	WARN	Loading extension 'screenshots@mozilla.org': Reading manifest: Invalid extension permission: resource://pdf.js/
1613839895903	addons.webextension.screenshots@mozilla.org	WARN	Loading extension 'screenshots@mozilla.org': Reading manifest: Invalid extension permission: about:reader*
1613839896177	addons.xpi-utils	WARN	Add-on langpack-de@firefox.mozilla.org is not compatible with application version.
console.error: (new Error("Unknown database schema: 2", "resource://services-common/kinto-storage-adapter.js", 223))
console.error: (new Error("Unknown database schema: 2", "resource://services-common/kinto-storage-adapter.js", 223))
console.error: (new Error("Unknown database schema: 2", "resource://services-common/kinto-storage-adapter.js", 223))
JavaScript error: undefined, line 0: Error: An unexpected error occurred
console.error: (new Error("Unknown database schema: 2", "resource://services-common/kinto-storage-adapter.js", 223))
console.error: (new Error("Unknown database schema: 2", "resource://services-common/kinto-storage-adapter.js", 223))
1613839896591	Marionette	INFO	Listening on port 17620
1613839896880	Marionette	WARN	TLS certificate errors will be ignored for this session
JavaScript error: resource://gre/modules/Sqlite.jsm, line 81: Error: Warning: Sqlite connection 'storage-sync.sqlite#0' was not properly closed. Auto-close triggered by garbage collection.

JavaScript error: resource://gre/modules/Sqlite.jsm, line 81: Error: Warning: Sqlite connection 'storage-sync.sqlite#1' was not properly closed. Auto-close triggered by garbage collection.

JavaScript error: resource://gre/modules/Sqlite.jsm, line 81: Error: Warning: Sqlite connection 'storage-sync.sqlite#2' was not properly closed. Auto-close triggered by garbage collection.

JavaScript error: resource://gre/modules/Sqlite.jsm, line 81: Error: Warning: Sqlite connection 'storage-sync.sqlite#3' was not properly closed. Auto-close triggered by garbage collection.

JavaScript error: resource://gre/modules/Sqlite.jsm, line 81: Error: Warning: Sqlite connection 'storage-sync.sqlite#4' was not properly closed. Auto-close triggered by garbage collection.

Extension error: [Exception... "Component returned failure code: 0x80004005 (NS_ERROR_FAILURE) [nsIDOMWindowUtils.removeSheetUsingURIString]"  nsresult: "0x80004005 (NS_ERROR_FAILURE)"  location: "JS frame :: resource://gre/modules/ExtensionCommon.jsm :: runSafeSyncWithoutClone :: line 65"  data: no] undefined 65
[[Exception stack
runSafeSyncWithoutClone@resource://gre/modules/ExtensionCommon.jsm:65:12
cleanup@resource://gre/modules/ExtensionContent.jsm:353:11
close@resource://gre/modules/ExtensionContent.jsm:814:7
inner-window-destroyed@resource://gre/modules/ExtensionContent.jsm:889:11
observe@resource://gre/modules/ExtensionContent.jsm:905:5
Current stack
runSafeSyncWithoutClone@resource://gre/modules/ExtensionCommon.jsm:67:129
cleanup@resource://gre/modules/ExtensionContent.jsm:353:11
close@resource://gre/modules/ExtensionContent.jsm:814:7
inner-window-destroyed@resource://gre/modules/ExtensionContent.jsm:889:11
observe@resource://gre/modules/ExtensionContent.jsm:905:5
]]
[Child 41612, Chrome_ChildThread] WARNING: pipe error: 109: file z:/build/build/src/ipc/chromium/src/chrome/common/ipc_channel_win.cc, line 332
[Child 41612, Chrome_ChildThread] WARNING: pipe error: 109: [Child 27912, Chrome_ChildThread] WARNING: pipe error: 109: file z:/build/build/src/ipc/chromium/src/chrome/common/ipc_channel_win.cc, line 332
[Child 27912, Chrome_ChildT1613839912148	Marionette	INFO	Stopped listening on port 17620
[GPU 42336, C
###!!! [Child][MessageChannel::SendAndWait] Error: Channel error: cannot send/recv

1613840270846	geckodriver	INFO	Listening on 127.0.0.1:18074
1613840274307	mozrunner::runner	INFO	Running command: "C:\\Program Files\\Mozilla Firefox\\firefox.exe" "--marionette" "-foreground" "-no-remote" "-profile" "C:\\Users\\Morplson\\AppData\\Local\\Temp\\rust_mozprofileM4YARV"
1613840274511	addons.xpi-utils	WARN	Could not find source bundle for add-on default-theme@mozilla.org: [Exception... "Component returned failure code: 0x80004005 (NS_ERROR_FAILURE) [nsIFile.initWithPath]"  nsresult: "0x80004005 (NS_ERROR_FAILURE)"  location: "JS frame :: resource://gre/modules/addons/XPIDatabase.jsm :: parseDB/< :: line 1340"  data: no] Stack trace: parseDB/<()@resource://gre/modules/addons/XPIDatabase.jsm:1340
parseDB()@resource://gre/modules/addons/XPIDatabase.jsm:1338
asyncLoadDB/this._dbPromise<()@resource://gre/modules/addons/XPIDatabase.jsm:1409
awaitPromise()@resource://gre/modules/addons/XPIProvider.jsm:186
syncLoadDB()@resource://gre/modules/addons/XPIDatabase.jsm:1291
checkForChanges()@resource://gre/modules/addons/XPIProvider.jsm:2568
startup()@resource://gre/modules/addons/XPIProvider.jsm:2148
callProvider()@resource://gre/modules/AddonManager.jsm:203
_startProvider()@resource://gre/modules/AddonManager.jsm:652
startup()@resource://gre/modules/AddonManager.jsm:805
startup()@resource://gre/modules/AddonManager.jsm:2775
observe()@jar:file:///C:/Program%20Files/Mozilla%20Firefox/omni.ja!/components/addonManager.js:66
1613840274512	addons.xpi-utils	ERROR	Failed to load XPI JSON data from profile: Error: Expected passed argument to contain a path(resource://gre/modules/addons/XPIDatabase.jsm:262:15) JS Stack trace: AddonInternal@XPIDatabase.jsm:262:15
parseDB/<@XPIDatabase.jsm:1348:24
parseDB@XPIDatabase.jsm:1338:13
asyncLoadDB/this._dbPromise<@XPIDatabase.jsm:1409:15
awaitPromise@XPIProvider.jsm:186:3
syncLoadDB@XPIDatabase.jsm:1291:7
checkForChanges@XPIProvider.jsm:2568:9
startup@XPIProvider.jsm:2148:25
callProvider@AddonManager.jsm:203:12
_startProvider@AddonManager.jsm:652:5
startup@AddonManager.jsm:805:9
startup@AddonManager.jsm:2775:5
observe@addonManager.js:66:9
1613840274512	addons.xpi-utils	WARN	Rebuilding add-ons database from installed extensions.
1613840274620	addons.xpi-utils	WARN	Add-on langpack-de@firefox.mozilla.org is not compatible with application version.
1613840274620	addons.xpi-utils	WARN	Add-on langpack-de@firefox.mozilla.org is not compatible with application version.
1613840274620	addons.xpi-utils	WARN	Add-on langpack-de@firefox.mozilla.org is not compatible with application version.
1613840274728	addons.webextension.screenshots@mozilla.org	WARN	Loading extension 'screenshots@mozilla.org': Reading manifest: Invalid extension permission: mozillaAddons
1613840274729	addons.webextension.screenshots@mozilla.org	WARN	Loading extension 'screenshots@mozilla.org': Reading manifest: Invalid extension permission: resource://pdf.js/
1613840274729	addons.webextension.screenshots@mozilla.org	WARN	Loading extension 'screenshots@mozilla.org': Reading manifest: Invalid extension permission: about:reader*
1613840274834	addons.xpi-utils	WARN	Add-on langpack-de@firefox.mozilla.org is not compatible with application version.
1613840274834	addons.xpi-utils	WARN	Add-on langpack-de@firefox.mozilla.org is not compatible with application version.
1613840274835	addons.xpi-utils	WARN	Add-on langpack-de@firefox.mozilla.org is not compatible with application version.
1613840274934	addons.webextension.screenshots@mozilla.org	WARN	Loading extension 'screenshots@mozilla.org': Reading manifest: Invalid extension permission: mozillaAddons
1613840274934	addons.webextension.screenshots@mozilla.org	WARN	Loading extension 'screenshots@mozilla.org': Reading manifest: Invalid extension permission: resource://pdf.js/
1613840274934	addons.webextension.screenshots@mozilla.org	WARN	Loading extension 'screenshots@mozilla.org': Reading manifest: Invalid extension permission: about:reader*
1613840275223	addons.xpi-utils	WARN	Add-on langpack-de@firefox.mozilla.org is not compatible with application version.
console.error: (new Error("Unknown database schema: 2", "resource://services-common/kinto-storage-adapter.js", 223))
console.error: (new Error("Unknown database schema: 2", "resource://services-common/kinto-storage-adapter.js", 223))
console.error: (new Error("Unknown database schema: 2", "resource://services-common/kinto-storage-adapter.js", 223))
JavaScript error: undefined, line 0: Error: An unexpected error occurred
console.error: (new Error("Unknown database schema: 2", "resource://services-common/kinto-storage-adapter.js", 223))
console.error: (new Error("Unknown database schema: 2", "resource://services-common/kinto-storage-adapter.js", 223))
1613840275665	Marionette	INFO	Listening on port 18086
1613840275913	Marionette	WARN	TLS certificate errors will be ignored for this session
[Parent 32708, Gecko_IOThread] WARNING: pipe error: 109: file z:/build/build/src/ipc/chromium/src/chrome/common/ipc_channel_win.cc, line 332
1613840281171	Marionette	INFO	Stopped listening on port 18086
[Parent 32708, Gecko_IOThread] WARNING: pipe error: 109: file z:/build/build/src/ipc/chromium/src/chrome/common/ipc_channel_win.cc, line 332
[Parent 32708, Gecko_IOThread] WARNING: pipe error: 109: file z:/build/build/src/ipc/chromium/src/chrome/common/ipc_channel_win.cc, line 332
[Child 38936, Chrome_ChildThread] WARNING: pipe error: 109: file z:/build/build/src/ipc/chromium/src/chrome/common/ipc_channel_win.cc, line 332
[Child 38936, Chrome_C[Child 34796, Chrome_ChildThread] WARNING: pipe error: 109: file z:/build/build/src/ipc/chromium/src/chrome/common/ipc_channel_win.cc, line 332
[Child 34796, Chrome_ChildThread] WA[Child 34716, Chrome_ChildThread] WARNING: pipe error: 109: file z:/build/build/src/ipc/chromium/src/chrome/common/ipc_channel_win.cc, line 332
[Child 34716, Chrome_ChildThread] WAWARNING: At least one completion condition is taking too long to complete. Conditions: [{"name":"Sqlite.jsm shutdown blocker","state":{"description":"Waiting for connections to close","state":[{"name":"storage-sync.sqlite#0: waiting for shutdown","state":{"identifier":"storage-sync.sqlite#0","isCloseRequested":false,"hasDbConn":true,"hasInProgressTransaction":false,"pendingStatements":0,"statementCounter":3},"filename":"resource://gre/modules/Sqlite.jsm","lineNumber":257,"stack":["resource://gre/modules/Sqlite.jsm:ConnectionData:257","resource://gre/modules/Sqlite.jsm:OpenedConnection:1183","resource://gre/modules/Sqlite.jsm:openConnection/</<:993"]},{"name":"storage-sync.sqlite#1: waiting for shutdown","state":{"identifier":"storage-sync.sqlite#1","isCloseRequested":false,"hasDbConn":true,"hasInProgressTransaction":false,"pendingStatements":0,"statementCounter":3},"filename":"resource://gre/modules/Sqlite.jsm","lineNumber":257,"stack":["resource://gre/modules/Sqlite.jsm:ConnectionData:257","resource://gre/modules/Sqlite.jsm:OpenedConnection:1183","resource://gre/modules/Sqlite.jsm:openConnection/</<:993"]},{"name":"storage-sync.sqlite#2: waiting for shutdown","state":{"identifier":"storage-sync.sqlite#2","isCloseRequested":false,"hasDbConn":true,"hasInProgressTransaction":false,"pendingStatements":0,"statementCounter":3},"filename":"resource://gre/modules/Sqlite.jsm","lineNumber":257,"stack":["resource://gre/modules/Sqlite.jsm:ConnectionData:257","resource://gre/modules/Sqlite.jsm:OpenedConnection:1183","resource://gre/modules/Sqlite.jsm:openConnection/</<:993"]},{"name":"storage-sync.sqlite#3: waiting for shutdown","state":{"identifier":"storage-sync.sqlite#3","isCloseRequested":false,"hasDbConn":true,"hasInProgressTransaction":false,"pendingStatements":0,"statementCounter":3},"filename":"resource://gre/modules/Sqlite.jsm","lineNumber":257,"stack":["resource://gre/modules/Sqlite.jsm:ConnectionData:257","resource://gre/modules/Sqlite.jsm:OpenedConnection:1183","resource://gre/modules/Sqlite.jsm:openConnection/</<:993"]},{"name":"storage-sync.sqlite#4: waiting for shutdown","state":{"identifier":"storage-sync.sqlite#4","isCloseRequested":false,"hasDbConn":true,"hasInProgressTransaction":false,"pendingStatements":0,"statementCounter":3},"filename":"resource://gre/modules/Sqlite.jsm","lineNumber":257,"stack":["resource://gre/modules/Sqlite.jsm:ConnectionData:257","resource://gre/modules/Sqlite.jsm:OpenedConnection:1183","resource://gre/modules/Sqlite.jsm:openConnection/</<:993"]}]},"filename":"resource://gre/modules/Sqlite.jsm","lineNumber":149,"stack":["resource://gre/modules/Sqlite.jsm:null:149","resource://gre/modules/XPCOMUtils.jsm:get:129","resource://gre/modules/Sqlite.jsm:ConnectionData:257","resource://gre/modules/Sqlite.jsm:OpenedConnection:1183","resource://gre/modules/Sqlite.jsm:cloneStorageConnection/</<:1073"]}] Barrier: profile-before-change
WARNING: At least one completion condition is taking too long to complete. Conditions: [{"name":"storage-sync.sqlite#0: waiting for shutdown","state":{"identifier":"storage-sync.sqlite#0","isCloseRequested":false,"hasDbConn":true,"hasInProgressTransaction":false,"pendingStatements":0,"statementCounter":3},"filename":"resource://gre/modules/Sqlite.jsm","lineNumber":257,"stack":["resource://gre/modules/Sqlite.jsm:ConnectionData:257","resource://gre/modules/Sqlite.jsm:OpenedConnection:1183","resource://gre/modules/Sqlite.jsm:openConnection/</<:993"]},{"name":"storage-sync.sqlite#1: waiting for shutdown","state":{"identifier":"storage-sync.sqlite#1","isCloseRequested":false,"hasDbConn":true,"hasInProgressTransaction":false,"pendingStatements":0,"statementCounter":3},"filename":"resource://gre/modules/Sqlite.jsm","lineNumber":257,"stack":["resource://gre/modules/Sqlite.jsm:ConnectionData:257","resource://gre/modules/Sqlite.jsm:OpenedConnection:1183","resource://gre/modules/Sqlite.jsm:openConnection/</<:993"]},{"name":"storage-sync.sqlite#2: waiting for shutdown","state":{"identifier":"storage-sync.sqlite#2","isCloseRequested":false,"hasDbConn":true,"hasInProgressTransaction":false,"pendingStatements":0,"statementCounter":3},"filename":"resource://gre/modules/Sqlite.jsm","lineNumber":257,"stack":["resource://gre/modules/Sqlite.jsm:ConnectionData:257","resource://gre/modules/Sqlite.jsm:OpenedConnection:1183","resource://gre/modules/Sqlite.jsm:openConnection/</<:993"]},{"name":"storage-sync.sqlite#3: waiting for shutdown","state":{"identifier":"storage-sync.sqlite#3","isCloseRequested":false,"hasDbConn":true,"hasInProgressTransaction":false,"pendingStatements":0,"statementCounter":3},"filename":"resource://gre/modules/Sqlite.jsm","lineNumber":257,"stack":["resource://gre/modules/Sqlite.jsm:ConnectionData:257","resource://gre/modules/Sqlite.jsm:OpenedConnection:1183","resource://gre/modules/Sqlite.jsm:openConnection/</<:993"]},{"name":"storage-sync.sqlite#4: waiting for shutdown","state":{"identifier":"storage-sync.sqlite#4","isCloseRequested":false,"hasDbConn":true,"hasInProgressTransaction":false,"pendingStatements":0,"statementCounter":3},"filename":"resource://gre/modules/Sqlite.jsm","lineNumber":257,"stack":["resource://gre/modules/Sqlite.jsm:ConnectionData:257","resource://gre/modules/Sqlite.jsm:OpenedConnection:1183","resource://gre/modules/Sqlite.jsm:openConnection/</<:993"]}] Barrier: Sqlite.jsm: wait until all connections are closed
*** UTM:SVC TimerManager:registerTimer called after profile-before-change notification. Ignoring timer registration for id: telemetry_modules_ping
FATAL ERROR: AsyncShutdown timeout in profile-before-change Conditions: [{"name":"Sqlite.jsm shutdown blocker","state":{"description":"Waiting for connections to close","state":[{"name":"storage-sync.sqlite#0: waiting for shutdown","state":{"identifier":"storage-sync.sqlite#0","isCloseRequested":false,"hasDbConn":true,"hasInProgressTransaction":false,"pendingStatements":0,"statementCounter":3},"filename":"resource://gre/modules/Sqlite.jsm","lineNumber":257,"stack":["resource://gre/modules/Sqlite.jsm:ConnectionData:257","resource://gre/modules/Sqlite.jsm:OpenedConnection:1183","resource://gre/modules/Sqlite.jsm:openConnection/</<:993"]},{"name":"storage-sync.sqlite#1: waiting for shutdown","state":{"identifier":"storage-sync.sqlite#1","isCloseRequested":false,"hasDbConn":true,"hasInProgressTransaction":false,"pendingStatements":0,"statementCounter":3},"filename":"resource://gre/modules/Sqlite.jsm","lineNumber":257,"stack":["resource://gre/modules/Sqlite.jsm:ConnectionData:257","resource://gre/modules/Sqlite.jsm:OpenedConnection:1183","resource://gre/modules/Sqlite.jsm:openConnection/</<:993"]},{"name":"storage-sync.sqlite#2: waiting for shutdown","state":{"identifier":"storage-sync.sqlite#2","isCloseRequested":false,"hasDbConn":true,"hasInProgressTransaction":false,"pendingStatements":0,"statementCounter":3},"filename":"resource://gre/modules/Sqlite.jsm","lineNumber":257,"stack":["resource://gre/modules/Sqlite.jsm:ConnectionData:257","resource://gre/modules/Sqlite.jsm:OpenedConnection:1183","resource://gre/modules/Sqlite.jsm:openConnection/</<:993"]},{"name":"storage-sync.sqlite#3: waiting for shutdown","state":{"identifier":"storage-sync.sqlite#3","isCloseRequested":false,"hasDbConn":true,"hasInProgressTransaction":false,"pendingStatements":0,"statementCounter":3},"filename":"resource://gre/modules/Sqlite.jsm","lineNumber":257,"stack":["resource://gre/modules/Sqlite.jsm:ConnectionData:257","resource://gre/modules/Sqlite.jsm:OpenedConnection:1183","resource://gre/modules/Sqlite.jsm:openConnection/</<:993"]},{"name":"storage-sync.sqlite#4: waiting for shutdown","state":{"identifier":"storage-sync.sqlite#4","isCloseRequested":false,"hasDbConn":true,"hasInProgressTransaction":false,"pendingStatements":0,"statementCounter":3},"filename":"resource://gre/modules/Sqlite.jsm","lineNumber":257,"stack":["resource://gre/modules/Sqlite.jsm:ConnectionData:257","resource://gre/modules/Sqlite.jsm:OpenedConnection:1183","resource://gre/modules/Sqlite.jsm:openConnection/</<:993"]}]},"filename":"resource://gre/modules/Sqlite.jsm","lineNumber":149,"stack":["resource://gre/modules/Sqlite.jsm:null:149","resource://gre/modules/XPCOMUtils.jsm:get:129","resource://gre/modules/Sqlite.jsm:ConnectionData:257","resource://gre/modules/Sqlite.jsm:OpenedConnection:1183","resource://gre/modules/Sqlite.jsm:cloneStorageConnection/</<:1073"]}] At least one completion condition failed to complete within a reasonable amount of time. Causing a crash to ensure that we do not leave the user with an unresponsive process draining resources.
[Parent 32708, Main Thread] ###!!! ABORT: file resource://gre/modules/Sqlite.jsm, line 149
[Parent 32708, Main Thread] ###!!! ABORT: file resource://gre/modules/Sqlite.jsm, line 149
1613840415536	geckodriver	INFO	Listening on 127.0.0.1:18281
1613840418985	mozrunner::runner	INFO	Running command: "C:\\Program Files\\Mozilla Firefox\\firefox.exe" "--marionette" "-foreground" "-no-remote" "-profile" "C:\\Users\\Morplson\\AppData\\Local\\Temp\\rust_mozprofilewsAHvo"
1613840419194	addons.xpi-utils	WARN	Could not find source bundle for add-on default-theme@mozilla.org: [Exception... "Component returned failure code: 0x80004005 (NS_ERROR_FAILURE) [nsIFile.initWithPath]"  nsresult: "0x80004005 (NS_ERROR_FAILURE)"  location: "JS frame :: resource://gre/modules/addons/XPIDatabase.jsm :: parseDB/< :: line 1340"  data: no] Stack trace: parseDB/<()@resource://gre/modules/addons/XPIDatabase.jsm:1340
parseDB()@resource://gre/modules/addons/XPIDatabase.jsm:1338
asyncLoadDB/this._dbPromise<()@resource://gre/modules/addons/XPIDatabase.jsm:1409
awaitPromise()@resource://gre/modules/addons/XPIProvider.jsm:186
syncLoadDB()@resource://gre/modules/addons/XPIDatabase.jsm:1291
checkForChanges()@resource://gre/modules/addons/XPIProvider.jsm:2568
startup()@resource://gre/modules/addons/XPIProvider.jsm:2148
callProvider()@resource://gre/modules/AddonManager.jsm:203
_startProvider()@resource://gre/modules/AddonManager.jsm:652
startup()@resource://gre/modules/AddonManager.jsm:805
startup()@resource://gre/modules/AddonManager.jsm:2775
observe()@jar:file:///C:/Program%20Files/Mozilla%20Firefox/omni.ja!/components/addonManager.js:66
1613840419195	addons.xpi-utils	ERROR	Failed to load XPI JSON data from profile: Error: Expected passed argument to contain a path(resource://gre/modules/addons/XPIDatabase.jsm:262:15) JS Stack trace: AddonInternal@XPIDatabase.jsm:262:15
parseDB/<@XPIDatabase.jsm:1348:24
parseDB@XPIDatabase.jsm:1338:13
asyncLoadDB/this._dbPromise<@XPIDatabase.jsm:1409:15
awaitPromise@XPIProvider.jsm:186:3
syncLoadDB@XPIDatabase.jsm:1291:7
checkForChanges@XPIProvider.jsm:2568:9
startup@XPIProvider.jsm:2148:25
callProvider@AddonManager.jsm:203:12
_startProvider@AddonManager.jsm:652:5
startup@AddonManager.jsm:805:9
startup@AddonManager.jsm:2775:5
observe@addonManager.js:66:9
1613840419195	addons.xpi-utils	WARN	Rebuilding add-ons database from installed extensions.
1613840419305	addons.xpi-utils	WARN	Add-on langpack-de@firefox.mozilla.org is not compatible with application version.
1613840419306	addons.xpi-utils	WARN	Add-on langpack-de@firefox.mozilla.org is not compatible with application version.
1613840419306	addons.xpi-utils	WARN	Add-on langpack-de@firefox.mozilla.org is not compatible with application version.
1613840419414	addons.webextension.screenshots@mozilla.org	WARN	Loading extension 'screenshots@mozilla.org': Reading manifest: Invalid extension permission: mozillaAddons
1613840419414	addons.webextension.screenshots@mozilla.org	WARN	Loading extension 'screenshots@mozilla.org': Reading manifest: Invalid extension permission: resource://pdf.js/
1613840419414	addons.webextension.screenshots@mozilla.org	WARN	Loading extension 'screenshots@mozilla.org': Reading manifest: Invalid extension permission: about:reader*
1613840419524	addons.xpi-utils	WARN	Add-on langpack-de@firefox.mozilla.org is not compatible with application version.
1613840419524	addons.xpi-utils	WARN	Add-on langpack-de@firefox.mozilla.org is not compatible with application version.
1613840419524	addons.xpi-utils	WARN	Add-on langpack-de@firefox.mozilla.org is not compatible with application version.
1613840419624	addons.webextension.screenshots@mozilla.org	WARN	Loading extension 'screenshots@mozilla.org': Reading manifest: Invalid extension permission: mozillaAddons
1613840419624	addons.webextension.screenshots@mozilla.org	WARN	Loading extension 'screenshots@mozilla.org': Reading manifest: Invalid extension permission: resource://pdf.js/
1613840419624	addons.webextension.screenshots@mozilla.org	WARN	Loading extension 'screenshots@mozilla.org': Reading manifest: Invalid extension permission: about:reader*
1613840419894	addons.xpi-utils	WARN	Add-on langpack-de@firefox.mozilla.org is not compatible with application version.
console.error: (new Error("Unknown database schema: 2", "resource://services-common/kinto-storage-adapter.js", 223))
console.error: (new Error("Unknown database schema: 2", "resource://services-common/kinto-storage-adapter.js", 223))
console.error: (new Error("Unknown database schema: 2", "resource://services-common/kinto-storage-adapter.js", 223))
JavaScript error: undefined, line 0: Error: An unexpected error occurred
console.error: (new Error("Unknown database schema: 2", "resource://services-common/kinto-storage-adapter.js", 223))
console.error: (new Error("Unknown database schema: 2", "resource://services-common/kinto-storage-adapter.js", 223))
1613840420329	Marionette	INFO	Listening on port 18293
1613840420590	Marionette	WARN	TLS certificate errors will be ignored for this session
JavaScript error: resource://gre/modules/Sqlite.jsm, line 81: Error: Warning: Sqlite connection 'storage-sync.sqlite#0' was not properly closed. Auto-close triggered by garbage collection.

JavaScript error: resource://gre/modules/Sqlite.jsm, line 81: Error: Warning: Sqlite connection 'storage-sync.sqlite#1' was not properly closed. Auto-close triggered by garbage collection.

JavaScript error: resource://gre/modules/Sqlite.jsm, line 81: Error: Warning: Sqlite connection 'storage-sync.sqlite#2' was not properly closed. Auto-close triggered by garbage collection.

JavaScript error: resource://gre/modules/Sqlite.jsm, line 81: Error: Warning: Sqlite connection 'storage-sync.sqlite#3' was not properly closed. Auto-close triggered by garbage collection.

JavaScript error: resource://gre/modules/Sqlite.jsm, line 81: Error: Warning: Sqlite connection 'storage-sync.sqlite#4' was not properly closed. Auto-close triggered by garbage collection.

Extension error: [Exception... "Component returned failure code: 0x80004005 (NS_ERROR_FAILURE) [nsIDOMWindowUtils.removeSheetUsingURIString]"  nsresult: "0x80004005 (NS_ERROR_FAILURE)"  location: "JS frame :: resource://gre/modules/ExtensionCommon.jsm :: runSafeSyncWithoutClone :: line 65"  data: no] undefined 65
[[Exception stack
runSafeSyncWithoutClone@resource://gre/modules/ExtensionCommon.jsm:65:12
cleanup@resource://gre/modules/ExtensionContent.jsm:353:11
close@resource://gre/modules/ExtensionContent.jsm:814:7
inner-window-destroyed@resource://gre/modules/ExtensionContent.jsm:889:11
observe@resource://gre/modules/ExtensionContent.jsm:905:5
Current stack
runSafeSyncWithoutClone@resource://gre/modules/ExtensionCommon.jsm:67:129
cleanup@resource://gre/modules/ExtensionContent.jsm:353:11
close@resource://gre/modules/ExtensionContent.jsm:814:7
inner-window-destroyed@resource://gre/modules/ExtensionContent.jsm:889:11
observe@resource://gre/modules/ExtensionContent.jsm:905:5
]]
[Parent 35160, Gecko_IOThread] WARNING: pipe error: 109: file z:/build/build/src/ipc/chromium/src/chrome/common/ipc_channel_win.cc, line 332
[Child 31392, Chrome_ChildThread] WARNING: pipe error: 109: file z:/build/build/src/ipc/chromium/src/chrome/common/ipc_channel_win.cc, line 332
[Child 31392, Chrome_ChildThread]Extension error: [Exception... "Component returned failure code: 0x80004005 (NS_ERROR_FAILURE) [nsIDOMWindowUtils.removeSheetUsingURIString]"  nsresult: "0x80004005 (NS_ERROR_FAILURE)"  location: "JS frame :: resource://gre/modules/ExtensionCommon.jsm :: runSafeSyncWithoutClone :: line 65"  data: no] undefined 65
[[Exception stack
runSafeSyncWithoutClone@resource://gre/modules/ExtensionCommon.jsm:65:12
cleanup@resource://gre/modules/ExtensionContent.jsm:353:11
close@resource://gre/modules/ExtensionContent.jsm:814:7
inner-window-destroyed@resource://gre/modules/ExtensionContent.jsm:889:11
observe@resource://gre/modules/ExtensionContent.jsm:905:5
Current stack
runSafeSyncWithoutClone@resource://gre/modules/ExtensionCommon.jsm:67:129
cleanup@resource://gre/modules/ExtensionContent.jsm:353:11
close@resource://gre/modules/ExtensionContent.jsm:814:7
inner-window-destroyed@resource://gre/modules/ExtensionContent.jsm:889:11
observe@resource://gre/modules/ExtensionContent.jsm:905:5
]]
[Parent 35160, Gecko_IOThread] WARNING: pipe error: 109: file z:/build/build/src/ipc/chromium/src/chrome/common/ipc_channel_win.cc, line 332
[Parent 35160, Gecko_IOThread] WARNING: pipe error: 109: file z:/build/build/src/ipc/chromium/src/chrome/common/ipc_channel_win.cc, line 332
[[Child 3684, Chrome_ChildThread] WARNING: pipe error: 109: file z:/build/build/src/ipc/chromium/src/chrome/common/ipc_channel_win.cc, line 332
[Child 3684, Chrome_ChildTh[Parent 35160, Gecko_IOThread] WARNING: pipe error: 109: file z:/build/build/src/ipc/chromium/src/chrome/common/ipc_channel_win.cc, line 332
[Child 37516, Chrome_ChildThread] WARNING: pipe error: 109: file z:/build/build/src/ipc/chromium/src/chrome/common/ipc_channel_win.cc, line 332
[Child 37516, Chrome_C1613840549497	Marionette	INFO	Stopped listening on port 18293

###!!! [Child][RunMessage] Error: Channel closing: too late to send/recv, messages will be lost

[GPU 12592, Chrome_
###!!! [Child][MessageChannel::SendAndWait] Error: Channel error: cannot send/recv

1613840773471	geckodriver	INFO	Listening on 127.0.0.1:18722
1613840776922	mozrunner::runner	INFO	Running command: "C:\\Program Files\\Mozilla Firefox\\firefox.exe" "--marionette" "-foreground" "-no-remote" "-profile" "C:\\Users\\Morplson\\AppData\\Local\\Temp\\rust_mozprofileFxcxGy"
1613840777127	addons.xpi-utils	WARN	Could not find source bundle for add-on default-theme@mozilla.org: [Exception... "Component returned failure code: 0x80004005 (NS_ERROR_FAILURE) [nsIFile.initWithPath]"  nsresult: "0x80004005 (NS_ERROR_FAILURE)"  location: "JS frame :: resource://gre/modules/addons/XPIDatabase.jsm :: parseDB/< :: line 1340"  data: no] Stack trace: parseDB/<()@resource://gre/modules/addons/XPIDatabase.jsm:1340
parseDB()@resource://gre/modules/addons/XPIDatabase.jsm:1338
asyncLoadDB/this._dbPromise<()@resource://gre/modules/addons/XPIDatabase.jsm:1409
awaitPromise()@resource://gre/modules/addons/XPIProvider.jsm:186
syncLoadDB()@resource://gre/modules/addons/XPIDatabase.jsm:1291
checkForChanges()@resource://gre/modules/addons/XPIProvider.jsm:2568
startup()@resource://gre/modules/addons/XPIProvider.jsm:2148
callProvider()@resource://gre/modules/AddonManager.jsm:203
_startProvider()@resource://gre/modules/AddonManager.jsm:652
startup()@resource://gre/modules/AddonManager.jsm:805
startup()@resource://gre/modules/AddonManager.jsm:2775
observe()@jar:file:///C:/Program%20Files/Mozilla%20Firefox/omni.ja!/components/addonManager.js:66
1613840777128	addons.xpi-utils	ERROR	Failed to load XPI JSON data from profile: Error: Expected passed argument to contain a path(resource://gre/modules/addons/XPIDatabase.jsm:262:15) JS Stack trace: AddonInternal@XPIDatabase.jsm:262:15
parseDB/<@XPIDatabase.jsm:1348:24
parseDB@XPIDatabase.jsm:1338:13
asyncLoadDB/this._dbPromise<@XPIDatabase.jsm:1409:15
awaitPromise@XPIProvider.jsm:186:3
syncLoadDB@XPIDatabase.jsm:1291:7
checkForChanges@XPIProvider.jsm:2568:9
startup@XPIProvider.jsm:2148:25
callProvider@AddonManager.jsm:203:12
_startProvider@AddonManager.jsm:652:5
startup@AddonManager.jsm:805:9
startup@AddonManager.jsm:2775:5
observe@addonManager.js:66:9
1613840777128	addons.xpi-utils	WARN	Rebuilding add-ons database from installed extensions.
1613840777235	addons.xpi-utils	WARN	Add-on langpack-de@firefox.mozilla.org is not compatible with application version.
1613840777235	addons.xpi-utils	WARN	Add-on langpack-de@firefox.mozilla.org is not compatible with application version.
1613840777235	addons.xpi-utils	WARN	Add-on langpack-de@firefox.mozilla.org is not compatible with application version.
1613840777348	addons.webextension.screenshots@mozilla.org	WARN	Loading extension 'screenshots@mozilla.org': Reading manifest: Invalid extension permission: mozillaAddons
1613840777348	addons.webextension.screenshots@mozilla.org	WARN	Loading extension 'screenshots@mozilla.org': Reading manifest: Invalid extension permission: resource://pdf.js/
1613840777348	addons.webextension.screenshots@mozilla.org	WARN	Loading extension 'screenshots@mozilla.org': Reading manifest: Invalid extension permission: about:reader*
1613840777455	addons.xpi-utils	WARN	Add-on langpack-de@firefox.mozilla.org is not compatible with application version.
1613840777455	addons.xpi-utils	WARN	Add-on langpack-de@firefox.mozilla.org is not compatible with application version.
1613840777456	addons.xpi-utils	WARN	Add-on langpack-de@firefox.mozilla.org is not compatible with application version.
1613840777560	addons.webextension.screenshots@mozilla.org	WARN	Loading extension 'screenshots@mozilla.org': Reading manifest: Invalid extension permission: mozillaAddons
1613840777560	addons.webextension.screenshots@mozilla.org	WARN	Loading extension 'screenshots@mozilla.org': Reading manifest: Invalid extension permission: resource://pdf.js/
1613840777560	addons.webextension.screenshots@mozilla.org	WARN	Loading extension 'screenshots@mozilla.org': Reading manifest: Invalid extension permission: about:reader*
1613840777848	addons.xpi-utils	WARN	Add-on langpack-de@firefox.mozilla.org is not compatible with application version.
console.error: (new Error("Unknown database schema: 2", "resource://services-common/kinto-storage-adapter.js", 223))
console.error: (new Error("Unknown database schema: 2", "resource://services-common/kinto-storage-adapter.js", 223))
console.error: (new Error("Unknown database schema: 2", "resource://services-common/kinto-storage-adapter.js", 223))
JavaScript error: undefined, line 0: Error: An unexpected error occurred
console.error: (new Error("Unknown database schema: 2", "resource://services-common/kinto-storage-adapter.js", 223))
console.error: (new Error("Unknown database schema: 2", "resource://services-common/kinto-storage-adapter.js", 223))
1613840778301	Marionette	INFO	Listening on port 18734
1613840778528	Marionette	WARN	TLS certificate errors will be ignored for this session
JavaScript error: resource://gre/modules/Sqlite.jsm, line 81: Error: Warning: Sqlite connection 'storage-sync.sqlite#0' was not properly closed. Auto-close triggered by garbage collection.

JavaScript error: resource://gre/modules/Sqlite.jsm, line 81: Error: Warning: Sqlite connection 'storage-sync.sqlite#1' was not properly closed. Auto-close triggered by garbage collection.

JavaScript error: resource://gre/modules/Sqlite.jsm, line 81: Error: Warning: Sqlite connection 'storage-sync.sqlite#2' was not properly closed. Auto-close triggered by garbage collection.

JavaScript error: resource://gre/modules/Sqlite.jsm, line 81: Error: Warning: Sqlite connection 'storage-sync.sqlite#3' was not properly closed. Auto-close triggered by garbage collection.

JavaScript error: resource://gre/modules/Sqlite.jsm, line 81: Error: Warning: Sqlite connection 'storage-sync.sqlite#4' was not properly closed. Auto-close triggered by garbage collection.

Extension error: [Exception... "Component returned failure code: 0x80004005 (NS_ERROR_FAILURE) [nsIDOMWindowUtils.removeSheetUsingURIString]"  nsresult: "0x80004005 (NS_ERROR_FAILURE)"  location: "JS frame :: resource://gre/modules/ExtensionCommon.jsm :: runSafeSyncWithoutClone :: line 65"  data: no] undefined 65
[[Exception stack
runSafeSyncWithoutClone@resource://gre/modules/ExtensionCommon.jsm:65:12
cleanup@resource://gre/modules/ExtensionContent.jsm:353:11
close@resource://gre/modules/ExtensionContent.jsm:814:7
inner-window-destroyed@resource://gre/modules/ExtensionContent.jsm:889:11
observe@resource://gre/modules/ExtensionContent.jsm:905:5
Current stack
runSafeSyncWithoutClone@resource://gre/modules/ExtensionCommon.jsm:67:129
cleanup@resource://gre/modules/ExtensionContent.jsm:353:11
close@resource://gre/modules/ExtensionContent.jsm:814:7
inner-window-destroyed@resource://gre/modules/ExtensionContent.jsm:889:11
observe@resource://gre/modules/ExtensionContent.jsm:905:5
]]
[Child 40968, Chrome_ChildThread] WARNING: pipe error: 109: file z:/build/build/src/ipc/chromium/src/chrome/common/ipc_channel_win.c[Child 40668, Chrome_ChildThread] WARNING: pipe error: 109: file z:/build/build/src/ipc/chromium/src/chrome/common/ipc_channel_win.cc, line 332
c, line 332
[Child 40668, Chrome_ChildThread] WARNING: pipe e[Child 40968, Chrome_ChildThread] WARNI[Parent 34152, Gecko_IOThread] WARNING: pipe error: 109: file z:/build/build/src/ipc/chromium/src/chrome/common/ipc_channel_win.cc, line 332
[Child 40064, Chrome_ChildThread] WARNING: pipe error: 109: file z:/build/build/src/ipc/chromium/src/chrome/common/ipc_channel_win.cc, line 332
[Child 40064, Chrome_ChildThread] WARN1613840814287	Marionette	INFO	Stopped listening on port 18734

###!!! [Child][RunMessage] Error: Channel closing: too late to send/recv, messages will be lost

[GPU 38016, Chrome_ChildT
###!!! [Child][MessageChannel::SendAndWait] Error: Channel error: cannot send/recv

r.jsm:203:12
_startProvider@AddonManager.jsm:652:5
startup@AddonManager.jsm:805:9
startup@AddonManager.jsm:2775:5
observe@addonManager.js:66:9
1613840795445	addons.xpi-utils	WARN	Rebuilding add-ons database from installed extensions.
1613840795552	addons.xpi-utils	WARN	Add-on langpack-de@firefox.mozilla.org is not compatible with application version.
1613840795552	addons.xpi-utils	WARN	Add-on langpack-de@firefox.mozilla.org is not compatible with application version.
1613840795552	addons.xpi-utils	WARN	Add-on langpack-de@firefox.mozilla.org is not compatible with application version.
1613840795666	addons.webextension.screenshots@mozilla.org	WARN	Loading extension 'screenshots@mozilla.org': Reading manifest: Invalid extension permission: mozillaAddons
1613840795666	addons.webextension.screenshots@mozilla.org	WARN	Loading extension 'screenshots@mozilla.org': Reading manifest: Invalid extension permission: resource://pdf.js/
1613840795666	addons.webextension.screenshots@mozilla.org	WARN	Loading extension 'screenshots@mozilla.org': Reading manifest: Invalid extension permission: about:reader*
1613840795776	addons.xpi-utils	WARN	Add-on langpack-de@firefox.mozilla.org is not compatible with application version.
1613840795776	addons.xpi-utils	WARN	Add-on langpack-de@firefox.mozilla.org is not compatible with application version.
1613840795776	addons.xpi-utils	WARN	Add-on langpack-de@firefox.mozilla.org is not compatible with application version.
1613840795880	addons.webextension.screenshots@mozilla.org	WARN	Loading extension 'screenshots@mozilla.org': Reading manifest: Invalid extension permission: mozillaAddons
1613840795880	addons.webextension.screenshots@mozilla.org	WARN	Loading extension 'screenshots@mozilla.org': Reading manifest: Invalid extension permission: resource://pdf.js/
1613840795880	addons.webextension.screenshots@mozilla.org	WARN	Loading extension 'screenshots@mozilla.org': Reading manifest: Invalid extension permission: about:reader*
1613840796163	addons.xpi-utils	WARN	Add-on langpack-de@firefox.mozilla.org is not compatible with application version.
console.error: (new Error("Unknown database schema: 2", "resource://services-common/kinto-storage-adapter.js", 223))
console.error: (new Error("Unknown database schema: 2", "resource://services-common/kinto-storage-adapter.js", 223))
console.error: (new Error("Unknown database schema: 2", "resource://services-common/kinto-storage-adapter.js", 223))
JavaScript error: undefined, line 0: Error: An unexpected error occurred
console.error: (new Error("Unknown database schema: 2", "resource://services-common/kinto-storage-adapter.js", 223))
console.error: (new Error("Unknown database schema: 2", "resource://services-common/kinto-storage-adapter.js", 223))
1613840796586	Marionette	INFO	Listening on port 18787
1613840796821	Marionette	WARN	TLS certificate errors will be ignored for this session
JavaScript error: resource://gre/modules/Sqlite.jsm, line 811613840807070	mozrunner::runner	INFO	Running command: "C:\\Program Files\\Mozilla Firefox\\firefox.exe" "--marionette" "-foreground" "-no-remote" "-profile" "C:\\Users\\Morplson\\AppData\\Local\\Temp\\rust_mozprofile5MrKx7"
1613840807276	addons.xpi-utils	WARN	Could not find source bundle for add-on default-theme@mozilla.org: [Exception... "Component returned failure code: 0x80004005 (NS_ERROR_FAILURE) [nsIFile.initWithPath]"  nsresult: "0x80004005 (NS_ERROR_FAILURE)"  location: "JS frame :: resource://gre/modules/addons/XPIDatabase.jsm :: parseDB/< :: line 1340"  data: no] Stack trace: parseDB/<()@resource://gre/modules/addons/XPIDatabase.jsm:1340
parseDB()@resource://gre/modules/addons/XPIDatabase.jsm:1338
asyncLoadDB/this._dbPromise<()@resource://gre/modules/addons/XPIDatabase.jsm:1409
awaitPromise()@resource://gre/modules/addons/XPIProvider.jsm:186
syncLoadDB()@resource://gre/moduExtension error: [Exception... "Component returned failure code: 0x80004005 (NS_ERROR_FAILURE) [nsIDOMWindowUtils.removeSheetUsingURIString]"  nsresult: "0x80004005 (NS_ERROR_FAILURE)"  location: "JS frame :: resource://gre/modules/ExtensionCommon.jsm :: runSafeSyncWithoutClone :: line 65"  data: no] undefined 65
[[Exception stack
runSafeSyncWithoutClone@resource://gre/modules/ExtensionCommon.jsm:65:12
cleanup@resource://gre/modules/ExtensionContent.jsm:353:11
close@resource://gre/modules/ExtensionContent.jsm:814:7
inner-window-destroyed@resource://gre/modules/ExtensionContent.jsm:889:11
observe@resource://gre/modules/ExtensionContent.jsm:905:5
Current stack
runSafeSyncWithoutClone@resource://gre/modules/ExtensionCommon.jsm:67:129
cleanup@resource://gre/modules/ExtensionContent.jsm:353:11
close@resource://gre/modules/ExtensionContent.jsm:814:7
inner-window-destroyed@resource://gre/modules/ExtensionContent.jsm:889:11
observe@resource://gre/modules/ExtensionContent.jsm:905:5
]]
[Parent 42656, Gecko_IOThread] WARNING: pipe error: 109: file z:/build/build/src/ipc/chromium/src/chrome/common/ipc_channel_win.cc, line 332
[Child 37932, Chrome_ChildThread] WARNING: pipe error: 109: file z:/build/build/src/ipc/chromium/src/chrome/common/ipc_channel_win.cc, line 332
[Child 34928, Chrome_ChildThread] WARNING: pipe error: 109: file z:/build/build/src/ipc/chromium/src/chrome/common/ipc_channel_win.cc, line 332
[Child 34928, Chrome_[Parent 42656, Gecko_IOThread] WARNING: pipe error: 109: file z:/build/build/src/ipc/chromium/src/chrome/common/ipc_channel_win.cc, line 332
[1613840813680	Marionette	INFO	Stopped listening on port 18787

###!!! [Child][RunMessage] Error: Channel closing: too late to send/recv, messages will be lost

[GPU 28536, Chrome_Ch
###!!! [Child][MessageChannel::SendAndWait] Error: Channel error: cannot send/recv

on 'screenshots@mozilla.org': Reading manifest: Invalid extension permission: resource://pdf.js/
1613840807503	addons.webextension.screenshots@mozilla.org	WARN	Loading extension 'screenshots@mozilla.org': Reading manifest: Invalid extension permission: about:reader*
1613840807609	addons.xpi-utils	WARN	Add-on langpack-de@firefox.mozilla.org is not compatible with application version.
1613840807609	addons.xpi-utils	WARN	Add-on langpack-de@firefox.mozilla.org is not compatible with application version.
1613840807609	addons.xpi-utils	WARN	Add-on langpack-de@firefox.mozilla.org is not compatible with application version.
1613840807711	addons.webextension.screenshots@mozilla.org	WARN	Loading extension 'screenshots@mozilla.org': Reading manifest: Invalid extension permission: mozillaAddons
1613840807711	addons.webextension.screenshots@mozilla.org	WARN	Loading extension 'screenshots@mozilla.org': Reading manifest: Invalid extension permission: resource://pdf.js/
1613840807711	addons.webextension.screenshots@mozilla.org	WARN	Loading extension 'screenshots@mozilla.org': Reading manifest: Invalid extension permission: about:reader*
1613840807993	addons.xpi-utils	WARN	Add-on langpack-de@firefox.mozilla.org is not compatible with application version.
console.error: (new Error("Unknown database schema: 2", "resource://services-common/kinto-storage-adapter.js", 223))
console.error: (new Error("Unknown database schema: 2", "resource://services-common/kinto-storage-adapter.js", 223))
console.error: (new Error("Unknown database schema: 2", "resource://services-common/kinto-storage-adapter.js", 223))
JavaScript error: undefined, line 0: Error: An unexpected error occurred
console.error: (new Error("Unknown database schema: 2", "resource://services-common/kinto-storage-adapter.js", 223))
console.error: (new Error("Unknown database schema: 2", "resource://services-common/kinto-storage-adapter.js", 223))
1613840808452	Marionette	INFO	Listening on port 18836
1613840808675	Marionette	WARN	TLS certificate errors will be ignored for this session
Extension error: [Exception... "Component returned failure code: 0x80004005 (NS_ERROR_FAILURE) [nsIDOMWindowUtils.removeSheetUsingURIString]"  nsresult: "0x80004005 (NS_ERROR_FAILURE)"  location: "JS frame :: resource://gre/modules/ExtensionCommon.jsm :: runSafeSyncWithoutClone :: line 65"  data: no] undefined 65
[[Exception stack
runSafeSyncWithoutClone@resource://gre/modules/ExtensionCommon.jsm:65:12
cleanup@resource://gre/modules/ExtensionContent.jsm:353:11
close@resource://gre/modules/ExtensionContent.jsm:814:7
inner-window-destroyed@resource://gre/modules/ExtensionContent.jsm:889:11
observe@resource://gre/modules/ExtensionContent.jsm:905:5
Current stack
runSafeSyncWithoutClone@resource://gre/modules/ExtensionCommon.jsm:67:129
cleanup@resource://gre/modules/ExtensionContent.jsm:353:11
close@resource://gre/modules/ExtensionContent.jsm:814:7
inner-window-destroyed@resource://gre/modules/ExtensionContent.jsm:889:11
observe@resource://gre/modules/ExtensionContent.jsm:905:5
]]
[Child 17764, Chrome_ChildThread] WARNING: pipe error: 109: file z:/build/build/src/ipc/chromium/src/chrome/common/ipc_channel_win.cc, line 332
[Parent 31260, Gecko_IOThread] WARNING: pipe error: 109: file z:/build/build/src/ipc/chromium/src/chrome/common/ipc_channel_win.cc, line 332
[Child 37856, Chrome_ChildThread] WARNING: pipe error: 109: file z:/build/build/src/ipc/chromium/src/chrome/common/ipc_channel_win.cc, line 332
[Child 37856, Chrome_Chil[Parent 31260, Gecko_IOThread] WARNING: pipe error: 109: file z:/build/build/src/ipc/chromium/src/chrome/common/ipc_channel_win.cc, line 332
[Child 35328, Chrome_ChildThread] WARNING: pipe error: 109: file z:/build/build/src/ipc/chromium/src/chrome/common/ipc_channel_win.cc, line 332
[Child 35328, Chrome_ChildThread] WARNIWARNING: At least one completion condition is taking too long to complete. Conditions: [{"name":"Sqlite.jsm shutdown blocker","state":{"description":"Waiting for connections to close","state":[{"name":"storage-sync.sqlite#0: waiting for shutdown","state":{"identifier":"storage-sync.sqlite#0","isCloseRequested":false,"hasDbConn":true,"hasInProgressTransaction":false,"pendingStatements":0,"statementCounter":3},"filename":"resource://gre/modules/Sqlite.jsm","lineNumber":257,"stack":["resource://gre/modules/Sqlite.jsm:ConnectionData:257","resource://gre/modules/Sqlite.jsm:OpenedConnection:1183","resource://gre/modules/Sqlite.jsm:openConnection/</<:993"]},{"name":"storage-sync.sqlite#1: waiting for shutdown","state":{"identifier":"storage-sync.sqlite#1","isCloseRequested":false,"hasDbConn":true,"hasInProgressTransaction":false,"pendingStatements":0,"statementCounter":3},"filename":"resource://gre/modules/Sqlite.jsm","lineNumber":257,"stack":["resource://gre/modules/Sqlite.jsm:ConnectionData:257","resource://gre/modules/Sqlite.jsm:OpenedConnection:1183","resource://gre/modules/Sqlite.jsm:openConnection/</<:993"]},{"name":"storage-sync.sqlite#2: waiting for shutdown","state":{"identifier":"storage-sync.sqlite#2","isCloseRequested":false,"hasDbConn":true,"hasInProgressTransaction":false,"pendingStatements":0,"statementCounter":3},"filename":"resource://gre/modules/Sqlite.jsm","lineNumber":257,"stack":["resource://gre/modules/Sqlite.jsm:ConnectionData:257","resource://gre/modules/Sqlite.jsm:OpenedConnection:1183","resource://gre/modules/Sqlite.jsm:openConnection/</<:993"]},{"name":"storage-sync.sqlite#3: waiting for shutdown","state":{"identifier":"storage-sync.sqlite#3","isCloseRequested":false,"hasDbConn":true,"hasInProgressTransaction":false,"pendingStatements":0,"statementCounter":3},"filename":"resource://gre/modules/Sqlite.jsm","lineNumber":257,"stack":["resource://gre/modules/Sqlite.jsm:ConnectionData:257","resource://gre/modules/Sqlite.jsm:OpenedConnection:1183","resource://gre/modules/Sqlite.jsm:openConnection/</<:993"]},{"name":"storage-sync.sqlite#4: waiting for shutdown","state":{"identifier":"storage-sync.sqlite#4","isCloseRequested":false,"hasDbConn":true,"hasInProgressTransaction":false,"pendingStatements":0,"statementCounter":3},"filename":"resource://gre/modules/Sqlite.jsm","lineNumber":257,"stack":["resource://gre/modules/Sqlite.jsm:ConnectionData:257","resource://gre/modules/Sqlite.jsm:OpenedConnection:1183","resource://gre/modules/Sqlite.jsm:openConnection/</<:993"]}]},"filename":"resource://gre/modules/Sqlite.jsm","lineNumber":149,"stack":["resource://gre/modules/Sqlite.jsm:null:149","resource://gre/modules/XPCOMUtils.jsm:get:129","resource://gre/modules/Sqlite.jsm:ConnectionData:257","resource://gre/modules/Sqlite.jsm:OpenedConnection:1183","resource://gre/modules/Sqlite.jsm:cloneStorageConnection/</<:1073"]}] Barrier: profile-before-change
WARNING: At least one completion condition is taking too long to complete. Conditions: [{"name":"storage-sync.sqlite#0: waiting for shutdown","state":{"identifier":"storage-sync.sqlite#0","isCloseRequested":false,"hasDbConn":true,"hasInProgressTransaction":false,"pendingStatements":0,"statementCounter":3},"filename":"resource://gre/modules/Sqlite.jsm","lineNumber":257,"stack":["resource://gre/modules/Sqlite.jsm:ConnectionData:257","resource://gre/modules/Sqlite.jsm:OpenedConnection:1183","resource://gre/modules/Sqlite.jsm:openConnection/</<:993"]},{"name":"storage-sync.sqlite#1: waiting for shutdown","state":{"identifier":"storage-sync.sqlite#1","isCloseRequested":false,"hasDbConn":true,"hasInProgressTransaction":false,"pendingStatements":0,"statementCounter":3},"filename":"resource://gre/modules/Sqlite.jsm","lineNumber":257,"stack":["resource://gre/modules/Sqlite.jsm:ConnectionData:257","resource://gre/modules/Sqlite.jsm:OpenedConnection:1183","resource://gre/modules/Sqlite.jsm:openConnection/</<:993"]},{"name":"storage-sync.sqlite#2: waiting for shutdown","state":{"identifier":"storage-sync.sqlite#2","isCloseRequested":false,"hasDbConn":true,"hasInProgressTransaction":false,"pendingStatements":0,"statementCounter":3},"filename":"resource://gre/modules/Sqlite.jsm","lineNumber":257,"stack":["resource://gre/modules/Sqlite.jsm:ConnectionData:257","resource://gre/modules/Sqlite.jsm:OpenedConnection:1183","resource://gre/modules/Sqlite.jsm:openConnection/</<:993"]},{"name":"storage-sync.sqlite#3: waiting for shutdown","state":{"identifier":"storage-sync.sqlite#3","isCloseRequested":false,"hasDbConn":true,"hasInProgressTransaction":false,"pendingStatements":0,"statementCounter":3},"filename":"resource://gre/modules/Sqlite.jsm","lineNumber":257,"stack":["resource://gre/modules/Sqlite.jsm:ConnectionData:257","resource://gre/modules/Sqlite.jsm:OpenedConnection:1183","resource://gre/modules/Sqlite.jsm:openConnection/</<:993"]},{"name":"storage-sync.sqlite#4: waiting for shutdown","state":{"identifier":"storage-sync.sqlite#4","isCloseRequested":false,"hasDbConn":true,"hasInProgressTransaction":false,"pendingStatements":0,"statementCounter":3},"filename":"resource://gre/modules/Sqlite.jsm","lineNumber":257,"stack":["resource://gre/modules/Sqlite.jsm:ConnectionData:257","resource://gre/modules/Sqlite.jsm:OpenedConnection:1183","resource://gre/modules/Sqlite.jsm:openConnection/</<:993"]}] Barrier: Sqlite.jsm: wait until all connections are closed
JavaScript error: resource:///modules/sessionstore/SessionSaver.jsm, line 179: NS_ERROR_FAILURE: Component returned failure code: 0x80004005 (NS_ERROR_FAILURE) [nsIAppShellService.hiddenDOMWindow]
*** UTM:SVC TimerManager:registerTimer called after profile-before-change notification. Ignoring timer registration for id: telemetry_modules_ping
FATAL ERROR: AsyncShutdown timeout in profile-before-change Conditions: [{"name":"Sqlite.jsm shutdown blocker","state":{"description":"Waiting for connections to close","state":[{"name":"storage-sync.sqlite#0: waiting for shutdown","state":{"identifier":"storage-sync.sqlite#0","isCloseRequested":false,"hasDbConn":true,"hasInProgressTransaction":false,"pendingStatements":0,"statementCounter":3},"filename":"resource://gre/modules/Sqlite.jsm","lineNumber":257,"stack":["resource://gre/modules/Sqlite.jsm:ConnectionData:257","resource://gre/modules/Sqlite.jsm:OpenedConnection:1183","resource://gre/modules/Sqlite.jsm:openConnection/</<:993"]},{"name":"storage-sync.sqlite#1: waiting for shutdown","state":{"identifier":"storage-sync.sqlite#1","isCloseRequested":false,"hasDbConn":true,"hasInProgressTransaction":false,"pendingStatements":0,"statementCounter":3},"filename":"resource://gre/modules/Sqlite.jsm","lineNumber":257,"stack":["resource://gre/modules/Sqlite.jsm:ConnectionData:257","resource://gre/modules/Sqlite.jsm:OpenedConnection:1183","resource://gre/modules/Sqlite.jsm:openConnection/</<:993"]},{"name":"storage-sync.sqlite#2: waiting for shutdown","state":{"identifier":"storage-sync.sqlite#2","isCloseRequested":false,"hasDbConn":true,"hasInProgressTransaction":false,"pendingStatements":0,"statementCounter":3},"filename":"resource://gre/modules/Sqlite.jsm","lineNumber":257,"stack":["resource://gre/modules/Sqlite.jsm:ConnectionData:257","resource://gre/modules/Sqlite.jsm:OpenedConnection:1183","resource://gre/modules/Sqlite.jsm:openConnection/</<:993"]},{"name":"storage-sync.sqlite#3: waiting for shutdown","state":{"identifier":"storage-sync.sqlite#3","isCloseRequested":false,"hasDbConn":true,"hasInProgressTransaction":false,"pendingStatements":0,"statementCounter":3},"filename":"resource://gre/modules/Sqlite.jsm","lineNumber":257,"stack":["resource://gre/modules/Sqlite.jsm:ConnectionData:257","resource://gre/modules/Sqlite.jsm:OpenedConnection:1183","resource://gre/modules/Sqlite.jsm:openConnection/</<:993"]},{"name":"storage-sync.sqlite#4: waiting for shutdown","state":{"identifier":"storage-sync.sqlite#4","isCloseRequested":false,"hasDbConn":true,"hasInProgressTransaction":false,"pendingStatements":0,"statementCounter":3},"filename":"resource://gre/modules/Sqlite.jsm","lineNumber":257,"stack":["resource://gre/modules/Sqlite.jsm:ConnectionData:257","resource://gre/modules/Sqlite.jsm:OpenedConnection:1183","resource://gre/modules/Sqlite.jsm:openConnection/</<:993"]}]},"filename":"resource://gre/modules/Sqlite.jsm","lineNumber":149,"stack":["resource://gre/modules/Sqlite.jsm:null:149","resource://gre/modules/XPCOMUtils.jsm:get:129","resource://gre/modules/Sqlite.jsm:ConnectionData:257","resource://gre/modules/Sqlite.jsm:OpenedConnection:1183","resource://gre/modules/Sqlite.jsm:cloneStorageConnection/</<:1073"]}] At least one completion condition failed to complete within a reasonable amount of time. Causing a crash to ensure that we do not leave the user with an unresponsive process draining resources.
[Parent 31260, Main Thread] ###!!! ABORT: file resource://gre/modules/Sqlite.jsm, line 149
[Parent 31260, Main Thread] ###!!! ABORT: file resource://gre/modules/Sqlite.jsm, line 149
angpack-de@firefox.mozilla.org is not compatible with application version.
1613840832567	addons.webextension.screenshots@mozilla.org	WARN	Loading extension 'screenshots@mozilla.org': Reading manifest: Invalid extension permission: mozillaAddons
1613840832567	addons.webextension.screenshots@mozilla.org	WARN	Loading extension 'screenshots@mozilla.org': Reading manifest: Invalid extension permission: resource://pdf.js/
1613840832567	addons.webextension.screenshots@mozilla.org	WARN	Loading extension 'screenshots@mozilla.org': Reading manifest: Invalid extension permission: about:reader*
1613840832842	addons.xpi-utils	WARN	Add-on langpack-de@firefox.mozilla.org is not compatible with application version.
console.error: (new Error("Unknown database schema: 2", "resource://services-common/kinto-storage-adapter.js", 223))
console.error: (new Error("Unknown database schema: 2", "resource://services-common/kinto-storage-adapter.js", 223))
1613840833234	Marionette	INFO	Listening on port 18898
console.error: (new Error("Unknown database schema: 2", "resource://services-common/kinto-storage-adapter.js", 223))
JavaScript error: undefined, line 0: Error: An unexpected error occurred
console.error: (new Error("Unknown database schema: 2", "resource://services-common/kinto-storage-adapter.js", 223))
console.error: (new Error("Unknown database schema: 2", "resource://services-common/kinto-storage-adapter.js", 223))
1613840833522	Marionette	WARN	TLS certificate errors will be ignored for this session
Extension error: [Exception... "Component returned failure code: 0x80004005 (NS_ERROR_FAILURE) [nsIDOMWindowUtils.removeSheetUsingURIString]"  nsresult: "0x80004005 (NS_ERROR_FAILURE)"  location: "JS frame :: resource://gre/modules/ExtensionCommon.jsm :: runSafeSyncWithoutClone :: line 65"  data: no] undefined 65
[[Exception stack
runSafeSyncWithoutClone@resource://gre/modules/ExtensionCommon.jsm:65:12
cleanup@resource://gre/modules/ExtensionContent.jsm:353:11
close@resource://gre/modules/ExtensionContent.jsm:814:7
inner-window-destroyed@resource://gre/modules/ExtensionContent.jsm:889:11
observe@resource://gre/modules/ExtensionContent.jsm:905:5
Current stack
runSafeSyncWithoutClone@resource://gre/modules/ExtensionCommon.jsm:67:129
cleanup@resource://gre/modules/ExtensionContent.jsm:353:11
close@resource://gre/modules/ExtensionContent.jsm:814:7
inner-window-destroyed@resource://gre/modules/ExtensionContent.jsm:889:11
observe@resource://gre/modules/ExtensionContent.jsm:905:5
]]
[[Child 36300, Chrome_ChildThread] WARNING: pipe error: 109: file z:/build/build/src/ipc/chromium/src/chrome/common/ipc_channel_win.cc, line 332
[Child 36300, Chrome_C[Parent 20908, Gecko_IOThread] WARNING: pipe error: 109: file z:/build/build/src/ipc/chromium/src/chrome/common/ipc_channel_win.cc, line 332
[ChildWARNING: At least one completion condition is taking too long to complete. Conditions: [{"name":"Sqlite.jsm shutdown blocker","state":{"description":"Waiting for connections to close","state":[{"name":"storage-sync.sqlite#0: waiting for shutdown","state":{"identifier":"storage-sync.sqlite#0","isCloseRequested":false,"hasDbConn":true,"hasInProgressTransaction":false,"pendingStatements":0,"statementCounter":3},"filename":"resource://gre/modules/Sqlite.jsm","lineNumber":257,"stack":["resource://gre/modules/Sqlite.jsm:ConnectionData:257","resource://gre/modules/Sqlite.jsm:OpenedConnection:1183","resource://gre/modules/Sqlite.jsm:openConnection/</<:993"]},{"name":"storage-sync.sqlite#1: waiting for shutdown","state":{"identifier":"storage-sync.sqlite#1","isCloseRequested":false,"hasDbConn":true,"hasInProgressTransaction":false,"pendingStatements":0,"statementCounter":3},"filename":"resource://gre/modules/Sqlite.jsm","lineNumber":257,"stack":["resource://gre/modules/Sqlite.jsm:ConnectionData:257","resource://gre/modules/Sqlite.jsm:OpenedConnection:1183","resource://gre/modules/Sqlite.jsm:openConnection/</<:993"]},{"name":"storage-sync.sqlite#2: waiting for shutdown","state":{"identifier":"storage-sync.sqlite#2","isCloseRequested":false,"hasDbConn":true,"hasInProgressTransaction":false,"pendingStatements":0,"statementCounter":3},"filename":"resource://gre/modules/Sqlite.jsm","lineNumber":257,"stack":["resource://gre/modules/Sqlite.jsm:ConnectionData:257","resource://gre/modules/Sqlite.jsm:OpenedConnection:1183","resource://gre/modules/Sqlite.jsm:openConnection/</<:993"]},{"name":"storage-sync.sqlite#3: waiting for shutdown","state":{"identifier":"storage-sync.sqlite#3","isCloseRequested":false,"hasDbConn":true,"hasInProgressTransaction":false,"pendingStatements":0,"statementCounter":3},"filename":"resource://gre/modules/Sqlite.jsm","lineNumber":257,"stack":["resource://gre/modules/Sqlite.jsm:ConnectionData:257","resource://gre/modules/Sqlite.jsm:OpenedConnection:1183","resource://gre/modules/Sqlite.jsm:openConnection/</<:993"]},{"name":"storage-sync.sqlite#4: waiting for shutdown","state":{"identifier":"storage-sync.sqlite#4","isCloseRequested":false,"hasDbConn":true,"hasInProgressTransaction":false,"pendingStatements":0,"statementCounter":3},"filename":"resource://gre/modules/Sqlite.jsm","lineNumber":257,"stack":["resource://gre/modules/Sqlite.jsm:ConnectionData:257","resource://gre/modules/Sqlite.jsm:OpenedConnection:1183","resource://gre/modules/Sqlite.jsm:openConnection/</<:993"]}]},"filename":"resource://gre/modules/Sqlite.jsm","lineNumber":149,"stack":["resource://gre/modules/Sqlite.jsm:null:149","resource://gre/modules/XPCOMUtils.jsm:get:129","resource://gre/modules/Sqlite.jsm:ConnectionData:257","resource://gre/modules/Sqlite.jsm:OpenedConnection:1183","resource://gre/modules/Sqlite.jsm:cloneStorageConnection/</<:1073"]}] Barrier: profile-before-change
WARNING: At least one completion condition is taking too long to complete. Conditions: [{"name":"storage-sync.sqlite#0: waiting for shutdown","state":{"identifier":"storage-sync.sqlite#0","isCloseRequested":false,"hasDbConn":true,"hasInProgressTransaction":false,"pendingStatements":0,"statementCounter":3},"filename":"resource://gre/modules/Sqlite.jsm","lineNumber":257,"stack":["resource://gre/modules/Sqlite.jsm:ConnectionData:257","resource://gre/modules/Sqlite.jsm:OpenedConnection:1183","resource://gre/modules/Sqlite.jsm:openConnection/</<:993"]},{"name":"storage-sync.sqlite#1: waiting for shutdown","state":{"identifier":"storage-sync.sqlite#1","isCloseRequested":false,"hasDbConn":true,"hasInProgressTransaction":false,"pendingStatements":0,"statementCounter":3},"filename":"resource://gre/modules/Sqlite.jsm","lineNumber":257,"stack":["resource://gre/modules/Sqlite.jsm:ConnectionData:257","resource://gre/modules/Sqlite.jsm:OpenedConnection:1183","resource://gre/modules/Sqlite.jsm:openConnection/</<:993"]},{"name":"storage-sync.sqlite#2: waiting for shutdown","state":{"identifier":"storage-sync.sqlite#2","isCloseRequested":false,"hasDbConn":true,"hasInProgressTransaction":false,"pendingStatements":0,"statementCounter":3},"filename":"resource://gre/modules/Sqlite.jsm","lineNumber":257,"stack":["resource://gre/modules/Sqlite.jsm:ConnectionData:257","resource://gre/modules/Sqlite.jsm:OpenedConnection:1183","resource://gre/modules/Sqlite.jsm:openConnection/</<:993"]},{"name":"storage-sync.sqlite#3: waiting for shutdown","state":{"identifier":"storage-sync.sqlite#3","isCloseRequested":false,"hasDbConn":true,"hasInProgressTransaction":false,"pendingStatements":0,"statementCounter":3},"filename":"resource://gre/modules/Sqlite.jsm","lineNumber":257,"stack":["resource://gre/modules/Sqlite.jsm:ConnectionData:257","resource://gre/modules/Sqlite.jsm:OpenedConnection:1183","resource://gre/modules/Sqlite.jsm:openConnection/</<:993"]},{"name":"storage-sync.sqlite#4: waiting for shutdown","state":{"identifier":"storage-sync.sqlite#4","isCloseRequested":false,"hasDbConn":true,"hasInProgressTransaction":false,"pendingStatements":0,"statementCounter":3},"filename":"resource://gre/modules/Sqlite.jsm","lineNumber":257,"stack":["resource://gre/modules/Sqlite.jsm:ConnectionData:257","resource://gre/modules/Sqlite.jsm:OpenedConnection:1183","resource://gre/modules/Sqlite.jsm:openConnection/</<:993"]}] Barrier: Sqlite.jsm: wait until all connections are closed
JavaScript error: resource:///modules/sessionstore/SessionSaver.jsm, line 179: NS_ERROR_FAILURE: Component returned failure code: 0x80004005 (NS_ERROR_FAILURE) [nsIAppShellService.hiddenDOMWindow]
*** UTM:SVC TimerManager:registerTimer called after profile-before-change notification. Ignoring timer registration for id: telemetry_modules_ping
FATAL ERROR: AsyncShutdown timeout in profile-before-change Conditions: [{"name":"Sqlite.jsm shutdown blocker","state":{"description":"Waiting for connections to close","state":[{"name":"storage-sync.sqlite#0: waiting for shutdown","state":{"identifier":"storage-sync.sqlite#0","isCloseRequested":false,"hasDbConn":true,"hasInProgressTransaction":false,"pendingStatements":0,"statementCounter":3},"filename":"resource://gre/modules/Sqlite.jsm","lineNumber":257,"stack":["resource://gre/modules/Sqlite.jsm:ConnectionData:257","resource://gre/modules/Sqlite.jsm:OpenedConnection:1183","resource://gre/modules/Sqlite.jsm:openConnection/</<:993"]},{"name":"storage-sync.sqlite#1: waiting for shutdown","state":{"identifier":"storage-sync.sqlite#1","isCloseRequested":false,"hasDbConn":true,"hasInProgressTransaction":false,"pendingStatements":0,"statementCounter":3},"filename":"resource://gre/modules/Sqlite.jsm","lineNumber":257,"stack":["resource://gre/modules/Sqlite.jsm:ConnectionData:257","resource://gre/modules/Sqlite.jsm:OpenedConnection:1183","resource://gre/modules/Sqlite.jsm:openConnection/</<:993"]},{"name":"storage-sync.sqlite#2: waiting for shutdown","state":{"identifier":"storage-sync.sqlite#2","isCloseRequested":false,"hasDbConn":true,"hasInProgressTransaction":false,"pendingStatements":0,"statementCounter":3},"filename":"resource://gre/modules/Sqlite.jsm","lineNumber":257,"stack":["resource://gre/modules/Sqlite.jsm:ConnectionData:257","resource://gre/modules/Sqlite.jsm:OpenedConnection:1183","resource://gre/modules/Sqlite.jsm:openConnection/</<:993"]},{"name":"storage-sync.sqlite#3: waiting for shutdown","state":{"identifier":"storage-sync.sqlite#3","isCloseRequested":false,"hasDbConn":true,"hasInProgressTransaction":false,"pendingStatements":0,"statementCounter":3},"filename":"resource://gre/modules/Sqlite.jsm","lineNumber":257,"stack":["resource://gre/modules/Sqlite.jsm:ConnectionData:257","resource://gre/modules/Sqlite.jsm:OpenedConnection:1183","resource://gre/modules/Sqlite.jsm:openConnection/</<:993"]},{"name":"storage-sync.sqlite#4: waiting for shutdown","state":{"identifier":"storage-sync.sqlite#4","isCloseRequested":false,"hasDbConn":true,"hasInProgressTransaction":false,"pendingStatements":0,"statementCounter":3},"filename":"resource://gre/modules/Sqlite.jsm","lineNumber":257,"stack":["resource://gre/modules/Sqlite.jsm:ConnectionData:257","resource://gre/modules/Sqlite.jsm:OpenedConnection:1183","resource://gre/modules/Sqlite.jsm:openConnection/</<:993"]}]},"filename":"resource://gre/modules/Sqlite.jsm","lineNumber":149,"stack":["resource://gre/modules/Sqlite.jsm:null:149","resource://gre/modules/XPCOMUtils.jsm:get:129","resource://gre/modules/Sqlite.jsm:ConnectionData:257","resource://gre/modules/Sqlite.jsm:OpenedConnection:1183","resource://gre/modules/Sqlite.jsm:cloneStorageConnection/</<:1073"]}] At least one completion condition failed to complete within a reasonable amount of time. Causing a crash to ensure that we do not leave the user with an unresponsive process draining resources.
[Parent 20908, Main Thread] ###!!! ABORT: file resource://gre/modules/Sqlite.jsm, line 149
[Parent 20908, Main Thread] ###!!! ABORT: file resource://gre/modules/Sqlite.jsm, line 149
1613841250852	geckodriver	INFO	Listening on 127.0.0.1:19430
1613841254301	mozrunner::runner	INFO	Running command: "C:\\Program Files\\Mozilla Firefox\\firefox.exe" "--marionette" "-foreground" "-no-remote" "-profile" "C:\\Users\\Morplson\\AppData\\Local\\Temp\\rust_mozprofilehhbfO1"
1613841254505	addons.xpi-utils	WARN	Could not find source bundle for add-on default-theme@mozilla.org: [Exception... "Component returned failure code: 0x80004005 (NS_ERROR_FAILURE) [nsIFile.initWithPath]"  nsresult: "0x80004005 (NS_ERROR_FAILURE)"  location: "JS frame :: resource://gre/modules/addons/XPIDatabase.jsm :: parseDB/< :: line 1340"  data: no] Stack trace: parseDB/<()@resource://gre/modules/addons/XPIDatabase.jsm:1340
parseDB()@resource://gre/modules/addons/XPIDatabase.jsm:1338
asyncLoadDB/this._dbPromise<()@resource://gre/modules/addons/XPIDatabase.jsm:1409
awaitPromise()@resource://gre/modules/addons/XPIProvider.jsm:186
syncLoadDB()@resource://gre/modules/addons/XPIDatabase.jsm:1291
checkForChanges()@resource://gre/modules/addons/XPIProvider.jsm:2568
startup()@resource://gre/modules/addons/XPIProvider.jsm:2148
callProvider()@resource://gre/modules/AddonManager.jsm:203
_startProvider()@resource://gre/modules/AddonManager.jsm:652
startup()@resource://gre/modules/AddonManager.jsm:805
startup()@resource://gre/modules/AddonManager.jsm:2775
observe()@jar:file:///C:/Program%20Files/Mozilla%20Firefox/omni.ja!/components/addonManager.js:66
1613841254505	addons.xpi-utils	ERROR	Failed to load XPI JSON data from profile: Error: Expected passed argument to contain a path(resource://gre/modules/addons/XPIDatabase.jsm:262:15) JS Stack trace: AddonInternal@XPIDatabase.jsm:262:15
parseDB/<@XPIDatabase.jsm:1348:24
parseDB@XPIDatabase.jsm:1338:13
asyncLoadDB/this._dbPromise<@XPIDatabase.jsm:1409:15
awaitPromise@XPIProvider.jsm:186:3
syncLoadDB@XPIDatabase.jsm:1291:7
checkForChanges@XPIProvider.jsm:2568:9
startup@XPIProvider.jsm:2148:25
callProvider@AddonManager.jsm:203:12
_startProvider@AddonManager.jsm:652:5
startup@AddonManager.jsm:805:9
startup@AddonManager.jsm:2775:5
observe@addonManager.js:66:9
1613841254505	addons.xpi-utils	WARN	Rebuilding add-ons database from installed extensions.
1613841254618	addons.xpi-utils	WARN	Add-on langpack-de@firefox.mozilla.org is not compatible with application version.
1613841254618	addons.xpi-utils	WARN	Add-on langpack-de@firefox.mozilla.org is not compatible with application version.
1613841254618	addons.xpi-utils	WARN	Add-on langpack-de@firefox.mozilla.org is not compatible with application version.
1613841254731	addons.webextension.screenshots@mozilla.org	WARN	Loading extension 'screenshots@mozilla.org': Reading manifest: Invalid extension permission: mozillaAddons
1613841254732	addons.webextension.screenshots@mozilla.org	WARN	Loading extension 'screenshots@mozilla.org': Reading manifest: Invalid extension permission: resource://pdf.js/
1613841254732	addons.webextension.screenshots@mozilla.org	WARN	Loading extension 'screenshots@mozilla.org': Reading manifest: Invalid extension permission: about:reader*
1613841254842	addons.xpi-utils	WARN	Add-on langpack-de@firefox.mozilla.org is not compatible with application version.
1613841254842	addons.xpi-utils	WARN	Add-on langpack-de@firefox.mozilla.org is not compatible with application version.
1613841254842	addons.xpi-utils	WARN	Add-on langpack-de@firefox.mozilla.org is not compatible with application version.
1613841254942	addons.webextension.screenshots@mozilla.org	WARN	Loading extension 'screenshots@mozilla.org': Reading manifest: Invalid extension permission: mozillaAddons
1613841254942	addons.webextension.screenshots@mozilla.org	WARN	Loading extension 'screenshots@mozilla.org': Reading manifest: Invalid extension permission: resource://pdf.js/
1613841254942	addons.webextension.screenshots@mozilla.org	WARN	Loading extension 'screenshots@mozilla.org': Reading manifest: Invalid extension permission: about:reader*
1613841255235	addons.xpi-utils	WARN	Add-on langpack-de@firefox.mozilla.org is not compatible with application version.
console.error: (new Error("Unknown database schema: 2", "resource://services-common/kinto-storage-adapter.js", 223))
console.error: (new Error("Unknown database schema: 2", "resource://services-common/kinto-storage-adapter.js", 223))
console.error: (new Error("Unknown database schema: 2", "resource://services-common/kinto-storage-adapter.js", 223))
JavaScript error: undefined, line 0: Error: An unexpected error occurred
console.error: (new Error("Unknown database schema: 2", "resource://services-common/kinto-storage-adapter.js", 223))
console.error: (new Error("Unknown database schema: 2", "resource://services-common/kinto-storage-adapter.js", 223))
1613841255666	Marionette	INFO	Listening on port 19442
1613841255905	Marionette	WARN	TLS certificate errors will be ignored for this session
Extension error: [Exception... "Component returned failure code: 0x80004005 (NS_ERROR_FAILURE) [nsIDOMWindowUtils.removeSheetUsingURIString]"  nsresult: "0x80004005 (NS_ERROR_FAILURE)"  location: "JS frame :: resource://gre/modules/ExtensionCommon.jsm :: runSafeSyncWithoutClone :: line 65"  data: no] undefined 65
[[Exception stack
runSafeSyncWithoutClone@resource://gre/modules/ExtensionCommon.jsm:65:12
cleanup@resource://gre/modules/ExtensionContent.jsm:353:11
close@resource://gre/modules/ExtensionContent.jsm:814:7
inner-window-destroyed@resource://gre/modules/ExtensionContent.jsm:889:11
observe@resource://gre/modules/ExtensionContent.jsm:905:5
Current stack
runSafeSyncWithoutClone@resource://gre/modules/ExtensionCommon.jsm:67:129
cleanup@resource://gre/modules/ExtensionContent.jsm:353:11
close@resource://gre/modules/ExtensionContent.jsm:814:7
inner-window-destroyed@resource://gre/modules/ExtensionContent.jsm:889:11
observe@resource://gre/modules/ExtensionContent.jsm:905:5
]]
[Parent 10364, Gecko_IOThread] WARNING: pipe error: 109: file z:/build/build/src/ipc/chromium/src/chrome/common/ipc_channel_win.cc, line 332
JavaScript error: jar:file:///C:/Program%20Files/Mozilla%20Firefox/omni.ja!/components/nsUrlClassifierListManager.js, line 597: TypeError: this.tablesData[table] is undefined
[Child 18576, Chrome_ChildThread] WARNING: pipe error: 109: file z:/build/build/src/ipc/chromium/src/chrome/common/ipc_channel_win.cc, line 332
[Child 18576, Chrome_ChildThread] WAR[Child 27904, Chrome_ChildThread] WARNING: pipe error: 109: file z:/build/build/src/ipc/chromium/src/chrome/common/ipc_channel_win.cc, line 332
[Child 27904, Chrome_ChildThWARNING: At least one completion condition is taking too long to complete. Conditions: [{"name":"Sqlite.jsm shutdown blocker","state":{"description":"Waiting for connections to close","state":[{"name":"storage-sync.sqlite#0: waiting for shutdown","state":{"identifier":"storage-sync.sqlite#0","isCloseRequested":false,"hasDbConn":true,"hasInProgressTransaction":false,"pendingStatements":0,"statementCounter":3},"filename":"resource://gre/modules/Sqlite.jsm","lineNumber":257,"stack":["resource://gre/modules/Sqlite.jsm:ConnectionData:257","resource://gre/modules/Sqlite.jsm:OpenedConnection:1183","resource://gre/modules/Sqlite.jsm:openConnection/</<:993"]},{"name":"storage-sync.sqlite#1: waiting for shutdown","state":{"identifier":"storage-sync.sqlite#1","isCloseRequested":false,"hasDbConn":true,"hasInProgressTransaction":false,"pendingStatements":0,"statementCounter":3},"filename":"resource://gre/modules/Sqlite.jsm","lineNumber":257,"stack":["resource://gre/modules/Sqlite.jsm:ConnectionData:257","resource://gre/modules/Sqlite.jsm:OpenedConnection:1183","resource://gre/modules/Sqlite.jsm:openConnection/</<:993"]},{"name":"storage-sync.sqlite#2: waiting for shutdown","state":{"identifier":"storage-sync.sqlite#2","isCloseRequested":false,"hasDbConn":true,"hasInProgressTransaction":false,"pendingStatements":0,"statementCounter":3},"filename":"resource://gre/modules/Sqlite.jsm","lineNumber":257,"stack":["resource://gre/modules/Sqlite.jsm:ConnectionData:257","resource://gre/modules/Sqlite.jsm:OpenedConnection:1183","resource://gre/modules/Sqlite.jsm:openConnection/</<:993"]},{"name":"storage-sync.sqlite#3: waiting for shutdown","state":{"identifier":"storage-sync.sqlite#3","isCloseRequested":false,"hasDbConn":true,"hasInProgressTransaction":false,"pendingStatements":0,"statementCounter":3},"filename":"resource://gre/modules/Sqlite.jsm","lineNumber":257,"stack":["resource://gre/modules/Sqlite.jsm:ConnectionData:257","resource://gre/modules/Sqlite.jsm:OpenedConnection:1183","resource://gre/modules/Sqlite.jsm:openConnection/</<:993"]},{"name":"storage-sync.sqlite#4: waiting for shutdown","state":{"identifier":"storage-sync.sqlite#4","isCloseRequested":false,"hasDbConn":true,"hasInProgressTransaction":false,"pendingStatements":0,"statementCounter":3},"filename":"resource://gre/modules/Sqlite.jsm","lineNumber":257,"stack":["resource://gre/modules/Sqlite.jsm:ConnectionData:257","resource://gre/modules/Sqlite.jsm:OpenedConnection:1183","resource://gre/modules/Sqlite.jsm:openConnection/</<:993"]}]},"filename":"resource://gre/modules/Sqlite.jsm","lineNumber":149,"stack":["resource://gre/modules/Sqlite.jsm:null:149","resource://gre/modules/XPCOMUtils.jsm:get:129","resource://gre/modules/Sqlite.jsm:ConnectionData:257","resource://gre/modules/Sqlite.jsm:OpenedConnection:1183","resource://gre/modules/Sqlite.jsm:cloneStorageConnection/</<:1073"]}] Barrier: profile-before-change
WARNING: At least one completion condition is taking too long to complete. Conditions: [{"name":"storage-sync.sqlite#0: waiting for shutdown","state":{"identifier":"storage-sync.sqlite#0","isCloseRequested":false,"hasDbConn":true,"hasInProgressTransaction":false,"pendingStatements":0,"statementCounter":3},"filename":"resource://gre/modules/Sqlite.jsm","lineNumber":257,"stack":["resource://gre/modules/Sqlite.jsm:ConnectionData:257","resource://gre/modules/Sqlite.jsm:OpenedConnection:1183","resource://gre/modules/Sqlite.jsm:openConnection/</<:993"]},{"name":"storage-sync.sqlite#1: waiting for shutdown","state":{"identifier":"storage-sync.sqlite#1","isCloseRequested":false,"hasDbConn":true,"hasInProgressTransaction":false,"pendingStatements":0,"statementCounter":3},"filename":"resource://gre/modules/Sqlite.jsm","lineNumber":257,"stack":["resource://gre/modules/Sqlite.jsm:ConnectionData:257","resource://gre/modules/Sqlite.jsm:OpenedConnection:1183","resource://gre/modules/Sqlite.jsm:openConnection/</<:993"]},{"name":"storage-sync.sqlite#2: waiting for shutdown","state":{"identifier":"storage-sync.sqlite#2","isCloseRequested":false,"hasDbConn":true,"hasInProgressTransaction":false,"pendingStatements":0,"statementCounter":3},"filename":"resource://gre/modules/Sqlite.jsm","lineNumber":257,"stack":["resource://gre/modules/Sqlite.jsm:ConnectionData:257","resource://gre/modules/Sqlite.jsm:OpenedConnection:1183","resource://gre/modules/Sqlite.jsm:openConnection/</<:993"]},{"name":"storage-sync.sqlite#3: waiting for shutdown","state":{"identifier":"storage-sync.sqlite#3","isCloseRequested":false,"hasDbConn":true,"hasInProgressTransaction":false,"pendingStatements":0,"statementCounter":3},"filename":"resource://gre/modules/Sqlite.jsm","lineNumber":257,"stack":["resource://gre/modules/Sqlite.jsm:ConnectionData:257","resource://gre/modules/Sqlite.jsm:OpenedConnection:1183","resource://gre/modules/Sqlite.jsm:openConnection/</<:993"]},{"name":"storage-sync.sqlite#4: waiting for shutdown","state":{"identifier":"storage-sync.sqlite#4","isCloseRequested":false,"hasDbConn":true,"hasInProgressTransaction":false,"pendingStatements":0,"statementCounter":3},"filename":"resource://gre/modules/Sqlite.jsm","lineNumber":257,"stack":["resource://gre/modules/Sqlite.jsm:ConnectionData:257","resource://gre/modules/Sqlite.jsm:OpenedConnection:1183","resource://gre/modules/Sqlite.jsm:openConnection/</<:993"]}] Barrier: Sqlite.jsm: wait until all connections are closed
JavaScript error: resource:///modules/sessionstore/SessionSaver.jsm, line 179: NS_ERROR_FAILURE: Component returned failure code: 0x80004005 (NS_ERROR_FAILURE) [nsIAppShellService.hiddenDOMWindow]
*** UTM:SVC TimerManager:registerTimer called after profile-before-change notification. Ignoring timer registration for id: telemetry_modules_ping
FATAL ERROR: AsyncShutdown timeout in profile-before-change Conditions: [{"name":"Sqlite.jsm shutdown blocker","state":{"description":"Waiting for connections to close","state":[{"name":"storage-sync.sqlite#0: waiting for shutdown","state":{"identifier":"storage-sync.sqlite#0","isCloseRequested":false,"hasDbConn":true,"hasInProgressTransaction":false,"pendingStatements":0,"statementCounter":3},"filename":"resource://gre/modules/Sqlite.jsm","lineNumber":257,"stack":["resource://gre/modules/Sqlite.jsm:ConnectionData:257","resource://gre/modules/Sqlite.jsm:OpenedConnection:1183","resource://gre/modules/Sqlite.jsm:openConnection/</<:993"]},{"name":"storage-sync.sqlite#1: waiting for shutdown","state":{"identifier":"storage-sync.sqlite#1","isCloseRequested":false,"hasDbConn":true,"hasInProgressTransaction":false,"pendingStatements":0,"statementCounter":3},"filename":"resource://gre/modules/Sqlite.jsm","lineNumber":257,"stack":["resource://gre/modules/Sqlite.jsm:ConnectionData:257","resource://gre/modules/Sqlite.jsm:OpenedConnection:1183","resource://gre/modules/Sqlite.jsm:openConnection/</<:993"]},{"name":"storage-sync.sqlite#2: waiting for shutdown","state":{"identifier":"storage-sync.sqlite#2","isCloseRequested":false,"hasDbConn":true,"hasInProgressTransaction":false,"pendingStatements":0,"statementCounter":3},"filename":"resource://gre/modules/Sqlite.jsm","lineNumber":257,"stack":["resource://gre/modules/Sqlite.jsm:ConnectionData:257","resource://gre/modules/Sqlite.jsm:OpenedConnection:1183","resource://gre/modules/Sqlite.jsm:openConnection/</<:993"]},{"name":"storage-sync.sqlite#3: waiting for shutdown","state":{"identifier":"storage-sync.sqlite#3","isCloseRequested":false,"hasDbConn":true,"hasInProgressTransaction":false,"pendingStatements":0,"statementCounter":3},"filename":"resource://gre/modules/Sqlite.jsm","lineNumber":257,"stack":["resource://gre/modules/Sqlite.jsm:ConnectionData:257","resource://gre/modules/Sqlite.jsm:OpenedConnection:1183","resource://gre/modules/Sqlite.jsm:openConnection/</<:993"]},{"name":"storage-sync.sqlite#4: waiting for shutdown","state":{"identifier":"storage-sync.sqlite#4","isCloseRequested":false,"hasDbConn":true,"hasInProgressTransaction":false,"pendingStatements":0,"statementCounter":3},"filename":"resource://gre/modules/Sqlite.jsm","lineNumber":257,"stack":["resource://gre/modules/Sqlite.jsm:ConnectionData:257","resource://gre/modules/Sqlite.jsm:OpenedConnection:1183","resource://gre/modules/Sqlite.jsm:openConnection/</<:993"]}]},"filename":"resource://gre/modules/Sqlite.jsm","lineNumber":149,"stack":["resource://gre/modules/Sqlite.jsm:null:149","resource://gre/modules/XPCOMUtils.jsm:get:129","resource://gre/modules/Sqlite.jsm:ConnectionData:257","resource://gre/modules/Sqlite.jsm:OpenedConnection:1183","resource://gre/modules/Sqlite.jsm:cloneStorageConnection/</<:1073"]}] At least one completion condition failed to complete within a reasonable amount of time. Causing a crash to ensure that we do not leave the user with an unresponsive process draining resources.
[Parent 10364, Main Thread] ###!!! ABORT: file resource://gre/modules/Sqlite.jsm, line 149
[Parent 10364, Main Thread] ###!!! ABORT: file resource://gre/modules/Sqlite.jsm, line 149
1613841412391	geckodriver	INFO	Listening on 127.0.0.1:19640
1613841415833	mozrunner::runner	INFO	Running command: "C:\\Program Files\\Mozilla Firefox\\firefox.exe" "--marionette" "-foreground" "-no-remote" "-profile" "C:\\Users\\Morplson\\AppData\\Local\\Temp\\rust_mozprofile9tDqvL"
1613841416042	addons.xpi-utils	WARN	Could not find source bundle for add-on default-theme@mozilla.org: [Exception... "Component returned failure code: 0x80004005 (NS_ERROR_FAILURE) [nsIFile.initWithPath]"  nsresult: "0x80004005 (NS_ERROR_FAILURE)"  location: "JS frame :: resource://gre/modules/addons/XPIDatabase.jsm :: parseDB/< :: line 1340"  data: no] Stack trace: parseDB/<()@resource://gre/modules/addons/XPIDatabase.jsm:1340
parseDB()@resource://gre/modules/addons/XPIDatabase.jsm:1338
asyncLoadDB/this._dbPromise<()@resource://gre/modules/addons/XPIDatabase.jsm:1409
awaitPromise()@resource://gre/modules/addons/XPIProvider.jsm:186
syncLoadDB()@resource://gre/modules/addons/XPIDatabase.jsm:1291
checkForChanges()@resource://gre/modules/addons/XPIProvider.jsm:2568
startup()@resource://gre/modules/addons/XPIProvider.jsm:2148
callProvider()@resource://gre/modules/AddonManager.jsm:203
_startProvider()@resource://gre/modules/AddonManager.jsm:652
startup()@resource://gre/modules/AddonManager.jsm:805
startup()@resource://gre/modules/AddonManager.jsm:2775
observe()@jar:file:///C:/Program%20Files/Mozilla%20Firefox/omni.ja!/components/addonManager.js:66
1613841416042	addons.xpi-utils	ERROR	Failed to load XPI JSON data from profile: Error: Expected passed argument to contain a path(resource://gre/modules/addons/XPIDatabase.jsm:262:15) JS Stack trace: AddonInternal@XPIDatabase.jsm:262:15
parseDB/<@XPIDatabase.jsm:1348:24
parseDB@XPIDatabase.jsm:1338:13
asyncLoadDB/this._dbPromise<@XPIDatabase.jsm:1409:15
awaitPromise@XPIProvider.jsm:186:3
syncLoadDB@XPIDatabase.jsm:1291:7
checkForChanges@XPIProvider.jsm:2568:9
startup@XPIProvider.jsm:2148:25
callProvider@AddonManager.jsm:203:12
_startProvider@AddonManager.jsm:652:5
startup@AddonManager.jsm:805:9
startup@AddonManager.jsm:2775:5
observe@addonManager.js:66:9
1613841416042	addons.xpi-utils	WARN	Rebuilding add-ons database from installed extensions.
1613841416151	addons.xpi-utils	WARN	Add-on langpack-de@firefox.mozilla.org is not compatible with application version.
1613841416151	addons.xpi-utils	WARN	Add-on langpack-de@firefox.mozilla.org is not compatible with application version.
1613841416151	addons.xpi-utils	WARN	Add-on langpack-de@firefox.mozilla.org is not compatible with application version.
1613841416260	addons.webextension.screenshots@mozilla.org	WARN	Loading extension 'screenshots@mozilla.org': Reading manifest: Invalid extension permission: mozillaAddons
1613841416260	addons.webextension.screenshots@mozilla.org	WARN	Loading extension 'screenshots@mozilla.org': Reading manifest: Invalid extension permission: resource://pdf.js/
1613841416260	addons.webextension.screenshots@mozilla.org	WARN	Loading extension 'screenshots@mozilla.org': Reading manifest: Invalid extension permission: about:reader*
1613841416365	addons.xpi-utils	WARN	Add-on langpack-de@firefox.mozilla.org is not compatible with application version.
1613841416366	addons.xpi-utils	WARN	Add-on langpack-de@firefox.mozilla.org is not compatible with application version.
1613841416366	addons.xpi-utils	WARN	Add-on langpack-de@firefox.mozilla.org is not compatible with application version.
1613841416466	addons.webextension.screenshots@mozilla.org	WARN	Loading extension 'screenshots@mozilla.org': Reading manifest: Invalid extension permission: mozillaAddons
1613841416466	addons.webextension.screenshots@mozilla.org	WARN	Loading extension 'screenshots@mozilla.org': Reading manifest: Invalid extension permission: resource://pdf.js/
1613841416466	addons.webextension.screenshots@mozilla.org	WARN	Loading extension 'screenshots@mozilla.org': Reading manifest: Invalid extension permission: about:reader*
1613841416746	addons.xpi-utils	WARN	Add-on langpack-de@firefox.mozilla.org is not compatible with application version.
console.error: (new Error("Unknown database schema: 2", "resource://services-common/kinto-storage-adapter.js", 223))
console.error: (new Error("Unknown database schema: 2", "resource://services-common/kinto-storage-adapter.js", 223))
console.error: (new Error("Unknown database schema: 2", "resource://services-common/kinto-storage-adapter.js", 223))
JavaScript error: undefined, line 0: Error: An unexpected error occurred
console.error: (new Error("Unknown database schema: 2", "resource://services-common/kinto-storage-adapter.js", 223))
console.error: (new Error("Unknown database schema: 2", "resource://services-common/kinto-storage-adapter.js", 223))
1613841417184	Marionette	INFO	Listening on port 19651
1613841417439	Marionette	WARN	TLS certificate errors will be ignored for this session
Extension error: [Exception... "Component returned failure code: 0x80004005 (NS_ERROR_FAILURE) [nsIDOMWindowUtils.removeSheetUsingURIString]"  nsresult: "0x80004005 (NS_ERROR_FAILURE)"  location: "JS frame :: resource://gre/modules/ExtensionCommon.jsm :: runSafeSyncWithoutClone :: line 65"  data: no] undefined 65
[[Exception stack
runSafeSyncWithoutClone@resource://gre/modules/ExtensionCommon.jsm:65:12
cleanup@resource://gre/modules/ExtensionContent.jsm:353:11
close@resource://gre/modules/ExtensionContent.jsm:814:7
inner-window-destroyed@resource://gre/modules/ExtensionContent.jsm:889:11
observe@resource://gre/modules/ExtensionContent.jsm:905:5
Current stack
runSafeSyncWithoutClone@resource://gre/modules/ExtensionCommon.jsm:67:129
cleanup@resource://gre/modules/ExtensionContent.jsm:353:11
close@resource://gre/modules/ExtensionContent.jsm:814:7
inner-window-destroyed@resource://gre/modules/ExtensionContent.jsm:889:11
observe@resource://gre/modules/ExtensionContent.jsm:905:5
]]
[Child 31432, Chrome_ChildThread] WARNING: pipe error: 109: file z:/build/build/src/ipc/chromium/src/chrome/common/ipc_channel_win.cc, line 332
[Child 31432, Chrome_ChildThread] WA[Child 38436, Chrome_ChildThread] WARNING: pipe error: 109: file z:/build/build/src/ipc/chromium/src/chrome/common/ipc_channel_win.cc, line 332
[Child 38436, Chrome_Chi[Parent 11396, Gecko_IOThread] WARNING: pipe error: 109: file z:/build/build/src/ipc/chromium/src/chrome/common/ipc_channel_win.cc, line 332
[Child 33160, Chrome_ChildThread] WARNING: pipe error: 109: file z:/build/build/src/ipc/chromium/src/chrome/common/ipc_channel_win.cc, line 332
[Child 33160, Chrome_ChildThread] WARNING: WARNING: At least one completion condition is taking too long to complete. Conditions: [{"name":"Sqlite.jsm shutdown blocker","state":{"description":"Waiting for connections to close","state":[{"name":"storage-sync.sqlite#0: waiting for shutdown","state":{"identifier":"storage-sync.sqlite#0","isCloseRequested":false,"hasDbConn":true,"hasInProgressTransaction":false,"pendingStatements":0,"statementCounter":3},"filename":"resource://gre/modules/Sqlite.jsm","lineNumber":257,"stack":["resource://gre/modules/Sqlite.jsm:ConnectionData:257","resource://gre/modules/Sqlite.jsm:OpenedConnection:1183","resource://gre/modules/Sqlite.jsm:openConnection/</<:993"]},{"name":"storage-sync.sqlite#1: waiting for shutdown","state":{"identifier":"storage-sync.sqlite#1","isCloseRequested":false,"hasDbConn":true,"hasInProgressTransaction":false,"pendingStatements":0,"statementCounter":3},"filename":"resource://gre/modules/Sqlite.jsm","lineNumber":257,"stack":["resource://gre/modules/Sqlite.jsm:ConnectionData:257","resource://gre/modules/Sqlite.jsm:OpenedConnection:1183","resource://gre/modules/Sqlite.jsm:openConnection/</<:993"]},{"name":"storage-sync.sqlite#2: waiting for shutdown","state":{"identifier":"storage-sync.sqlite#2","isCloseRequested":false,"hasDbConn":true,"hasInProgressTransaction":false,"pendingStatements":0,"statementCounter":3},"filename":"resource://gre/modules/Sqlite.jsm","lineNumber":257,"stack":["resource://gre/modules/Sqlite.jsm:ConnectionData:257","resource://gre/modules/Sqlite.jsm:OpenedConnection:1183","resource://gre/modules/Sqlite.jsm:openConnection/</<:993"]},{"name":"storage-sync.sqlite#3: waiting for shutdown","state":{"identifier":"storage-sync.sqlite#3","isCloseRequested":false,"hasDbConn":true,"hasInProgressTransaction":false,"pendingStatements":0,"statementCounter":3},"filename":"resource://gre/modules/Sqlite.jsm","lineNumber":257,"stack":["resource://gre/modules/Sqlite.jsm:ConnectionData:257","resource://gre/modules/Sqlite.jsm:OpenedConnection:1183","resource://gre/modules/Sqlite.jsm:openConnection/</<:993"]},{"name":"storage-sync.sqlite#4: waiting for shutdown","state":{"identifier":"storage-sync.sqlite#4","isCloseRequested":false,"hasDbConn":true,"hasInProgressTransaction":false,"pendingStatements":0,"statementCounter":3},"filename":"resource://gre/modules/Sqlite.jsm","lineNumber":257,"stack":["resource://gre/modules/Sqlite.jsm:ConnectionData:257","resource://gre/modules/Sqlite.jsm:OpenedConnection:1183","resource://gre/modules/Sqlite.jsm:openConnection/</<:993"]}]},"filename":"resource://gre/modules/Sqlite.jsm","lineNumber":149,"stack":["resource://gre/modules/Sqlite.jsm:null:149","resource://gre/modules/XPCOMUtils.jsm:get:129","resource://gre/modules/Sqlite.jsm:ConnectionData:257","resource://gre/modules/Sqlite.jsm:OpenedConnection:1183","resource://gre/modules/Sqlite.jsm:cloneStorageConnection/</<:1073"]}] Barrier: profile-before-change
WARNING: At least one completion condition is taking too long to complete. Conditions: [{"name":"storage-sync.sqlite#0: waiting for shutdown","state":{"identifier":"storage-sync.sqlite#0","isCloseRequested":false,"hasDbConn":true,"hasInProgressTransaction":false,"pendingStatements":0,"statementCounter":3},"filename":"resource://gre/modules/Sqlite.jsm","lineNumber":257,"stack":["resource://gre/modules/Sqlite.jsm:ConnectionData:257","resource://gre/modules/Sqlite.jsm:OpenedConnection:1183","resource://gre/modules/Sqlite.jsm:openConnection/</<:993"]},{"name":"storage-sync.sqlite#1: waiting for shutdown","state":{"identifier":"storage-sync.sqlite#1","isCloseRequested":false,"hasDbConn":true,"hasInProgressTransaction":false,"pendingStatements":0,"statementCounter":3},"filename":"resource://gre/modules/Sqlite.jsm","lineNumber":257,"stack":["resource://gre/modules/Sqlite.jsm:ConnectionData:257","resource://gre/modules/Sqlite.jsm:OpenedConnection:1183","resource://gre/modules/Sqlite.jsm:openConnection/</<:993"]},{"name":"storage-sync.sqlite#2: waiting for shutdown","state":{"identifier":"storage-sync.sqlite#2","isCloseRequested":false,"hasDbConn":true,"hasInProgressTransaction":false,"pendingStatements":0,"statementCounter":3},"filename":"resource://gre/modules/Sqlite.jsm","lineNumber":257,"stack":["resource://gre/modules/Sqlite.jsm:ConnectionData:257","resource://gre/modules/Sqlite.jsm:OpenedConnection:1183","resource://gre/modules/Sqlite.jsm:openConnection/</<:993"]},{"name":"storage-sync.sqlite#3: waiting for shutdown","state":{"identifier":"storage-sync.sqlite#3","isCloseRequested":false,"hasDbConn":true,"hasInProgressTransaction":false,"pendingStatements":0,"statementCounter":3},"filename":"resource://gre/modules/Sqlite.jsm","lineNumber":257,"stack":["resource://gre/modules/Sqlite.jsm:ConnectionData:257","resource://gre/modules/Sqlite.jsm:OpenedConnection:1183","resource://gre/modules/Sqlite.jsm:openConnection/</<:993"]},{"name":"storage-sync.sqlite#4: waiting for shutdown","state":{"identifier":"storage-sync.sqlite#4","isCloseRequested":false,"hasDbConn":true,"hasInProgressTransaction":false,"pendingStatements":0,"statementCounter":3},"filename":"resource://gre/modules/Sqlite.jsm","lineNumber":257,"stack":["resource://gre/modules/Sqlite.jsm:ConnectionData:257","resource://gre/modules/Sqlite.jsm:OpenedConnection:1183","resource://gre/modules/Sqlite.jsm:openConnection/</<:993"]}] Barrier: Sqlite.jsm: wait until all connections are closed
JavaScript error: resource:///modules/sessionstore/SessionSaver.jsm, line 179: NS_ERROR_FAILURE: Component returned failure code: 0x80004005 (NS_ERROR_FAILURE) [nsIAppShellService.hiddenDOMWindow]
*** UTM:SVC TimerManager:registerTimer called after profile-before-change notification. Ignoring timer registration for id: telemetry_modules_ping
FATAL ERROR: AsyncShutdown timeout in profile-before-change Conditions: [{"name":"Sqlite.jsm shutdown blocker","state":{"description":"Waiting for connections to close","state":[{"name":"storage-sync.sqlite#0: waiting for shutdown","state":{"identifier":"storage-sync.sqlite#0","isCloseRequested":false,"hasDbConn":true,"hasInProgressTransaction":false,"pendingStatements":0,"statementCounter":3},"filename":"resource://gre/modules/Sqlite.jsm","lineNumber":257,"stack":["resource://gre/modules/Sqlite.jsm:ConnectionData:257","resource://gre/modules/Sqlite.jsm:OpenedConnection:1183","resource://gre/modules/Sqlite.jsm:openConnection/</<:993"]},{"name":"storage-sync.sqlite#1: waiting for shutdown","state":{"identifier":"storage-sync.sqlite#1","isCloseRequested":false,"hasDbConn":true,"hasInProgressTransaction":false,"pendingStatements":0,"statementCounter":3},"filename":"resource://gre/modules/Sqlite.jsm","lineNumber":257,"stack":["resource://gre/modules/Sqlite.jsm:ConnectionData:257","resource://gre/modules/Sqlite.jsm:OpenedConnection:1183","resource://gre/modules/Sqlite.jsm:openConnection/</<:993"]},{"name":"storage-sync.sqlite#2: waiting for shutdown","state":{"identifier":"storage-sync.sqlite#2","isCloseRequested":false,"hasDbConn":true,"hasInProgressTransaction":false,"pendingStatements":0,"statementCounter":3},"filename":"resource://gre/modules/Sqlite.jsm","lineNumber":257,"stack":["resource://gre/modules/Sqlite.jsm:ConnectionData:257","resource://gre/modules/Sqlite.jsm:OpenedConnection:1183","resource://gre/modules/Sqlite.jsm:openConnection/</<:993"]},{"name":"storage-sync.sqlite#3: waiting for shutdown","state":{"identifier":"storage-sync.sqlite#3","isCloseRequested":false,"hasDbConn":true,"hasInProgressTransaction":false,"pendingStatements":0,"statementCounter":3},"filename":"resource://gre/modules/Sqlite.jsm","lineNumber":257,"stack":["resource://gre/modules/Sqlite.jsm:ConnectionData:257","resource://gre/modules/Sqlite.jsm:OpenedConnection:1183","resource://gre/modules/Sqlite.jsm:openConnection/</<:993"]},{"name":"storage-sync.sqlite#4: waiting for shutdown","state":{"identifier":"storage-sync.sqlite#4","isCloseRequested":false,"hasDbConn":true,"hasInProgressTransaction":false,"pendingStatements":0,"statementCounter":3},"filename":"resource://gre/modules/Sqlite.jsm","lineNumber":257,"stack":["resource://gre/modules/Sqlite.jsm:ConnectionData:257","resource://gre/modules/Sqlite.jsm:OpenedConnection:1183","resource://gre/modules/Sqlite.jsm:openConnection/</<:993"]}]},"filename":"resource://gre/modules/Sqlite.jsm","lineNumber":149,"stack":["resource://gre/modules/Sqlite.jsm:null:149","resource://gre/modules/XPCOMUtils.jsm:get:129","resource://gre/modules/Sqlite.jsm:ConnectionData:257","resource://gre/modules/Sqlite.jsm:OpenedConnection:1183","resource://gre/modules/Sqlite.jsm:cloneStorageConnection/</<:1073"]}] At least one completion condition failed to complete within a reasonable amount of time. Causing a crash to ensure that we do not leave the user with an unresponsive process draining resources.
[Parent 11396, Main Thread] ###!!! ABORT: file resource://gre/modules/Sqlite.jsm, line 149
[Parent 11396, Main Thread] ###!!! ABORT: file resource://gre/modules/Sqlite.jsm, line 149
1613848231691	geckodriver	INFO	Listening on 127.0.0.1:27258
1613848235128	mozrunner::runner	INFO	Running command: "C:\\Program Files\\Mozilla Firefox\\firefox.exe" "--marionette" "-foreground" "-no-remote" "-profile" "C:\\Users\\Morplson\\AppData\\Local\\Temp\\rust_mozprofilexp4gpD"
1613848235339	addons.xpi-utils	WARN	Could not find source bundle for add-on default-theme@mozilla.org: [Exception... "Component returned failure code: 0x80004005 (NS_ERROR_FAILURE) [nsIFile.initWithPath]"  nsresult: "0x80004005 (NS_ERROR_FAILURE)"  location: "JS frame :: resource://gre/modules/addons/XPIDatabase.jsm :: parseDB/< :: line 1340"  data: no] Stack trace: parseDB/<()@resource://gre/modules/addons/XPIDatabase.jsm:1340
parseDB()@resource://gre/modules/addons/XPIDatabase.jsm:1338
asyncLoadDB/this._dbPromise<()@resource://gre/modules/addons/XPIDatabase.jsm:1409
awaitPromise()@resource://gre/modules/addons/XPIProvider.jsm:186
syncLoadDB()@resource://gre/modules/addons/XPIDatabase.jsm:1291
checkForChanges()@resource://gre/modules/addons/XPIProvider.jsm:2568
startup()@resource://gre/modules/addons/XPIProvider.jsm:2148
callProvider()@resource://gre/modules/AddonManager.jsm:203
_startProvider()@resource://gre/modules/AddonManager.jsm:652
startup()@resource://gre/modules/AddonManager.jsm:805
startup()@resource://gre/modules/AddonManager.jsm:2775
observe()@jar:file:///C:/Program%20Files/Mozilla%20Firefox/omni.ja!/components/addonManager.js:66
1613848235339	addons.xpi-utils	ERROR	Failed to load XPI JSON data from profile: Error: Expected passed argument to contain a path(resource://gre/modules/addons/XPIDatabase.jsm:262:15) JS Stack trace: AddonInternal@XPIDatabase.jsm:262:15
parseDB/<@XPIDatabase.jsm:1348:24
parseDB@XPIDatabase.jsm:1338:13
asyncLoadDB/this._dbPromise<@XPIDatabase.jsm:1409:15
awaitPromise@XPIProvider.jsm:186:3
syncLoadDB@XPIDatabase.jsm:1291:7
checkForChanges@XPIProvider.jsm:2568:9
startup@XPIProvider.jsm:2148:25
callProvider@AddonManager.jsm:203:12
_startProvider@AddonManager.jsm:652:5
startup@AddonManager.jsm:805:9
startup@AddonManager.jsm:2775:5
observe@addonManager.js:66:9
1613848235339	addons.xpi-utils	WARN	Rebuilding add-ons database from installed extensions.
1613848235446	addons.xpi-utils	WARN	Add-on langpack-de@firefox.mozilla.org is not compatible with application version.
1613848235446	addons.xpi-utils	WARN	Add-on langpack-de@firefox.mozilla.org is not compatible with application version.
1613848235446	addons.xpi-utils	WARN	Add-on langpack-de@firefox.mozilla.org is not compatible with application version.
1613848235553	addons.webextension.screenshots@mozilla.org	WARN	Loading extension 'screenshots@mozilla.org': Reading manifest: Invalid extension permission: mozillaAddons
1613848235553	addons.webextension.screenshots@mozilla.org	WARN	Loading extension 'screenshots@mozilla.org': Reading manifest: Invalid extension permission: resource://pdf.js/
1613848235553	addons.webextension.screenshots@mozilla.org	WARN	Loading extension 'screenshots@mozilla.org': Reading manifest: Invalid extension permission: about:reader*
1613848235662	addons.xpi-utils	WARN	Add-on langpack-de@firefox.mozilla.org is not compatible with application version.
1613848235662	addons.xpi-utils	WARN	Add-on langpack-de@firefox.mozilla.org is not compatible with application version.
1613848235662	addons.xpi-utils	WARN	Add-on langpack-de@firefox.mozilla.org is not compatible with application version.
1613848235760	addons.webextension.screenshots@mozilla.org	WARN	Loading extension 'screenshots@mozilla.org': Reading manifest: Invalid extension permission: mozillaAddons
1613848235760	addons.webextension.screenshots@mozilla.org	WARN	Loading extension 'screenshots@mozilla.org': Reading manifest: Invalid extension permission: resource://pdf.js/
1613848235760	addons.webextension.screenshots@mozilla.org	WARN	Loading extension 'screenshots@mozilla.org': Reading manifest: Invalid extension permission: about:reader*
1613848236045	addons.xpi-utils	WARN	Add-on langpack-de@firefox.mozilla.org is not compatible with application version.
console.error: (new Error("Unknown database schema: 2", "resource://services-common/kinto-storage-adapter.js", 223))
console.error: (new Error("Unknown database schema: 2", "resource://services-common/kinto-storage-adapter.js", 223))
console.error: (new Error("Unknown database schema: 2", "resource://services-common/kinto-storage-adapter.js", 223))
JavaScript error: undefined, line 0: Error: An unexpected error occurred
console.error: (new Error("Unknown database schema: 2", "resource://services-common/kinto-storage-adapter.js", 223))
console.error: (new Error("Unknown database schema: 2", "resource://services-common/kinto-storage-adapter.js", 223))
1613848236485	Marionette	INFO	Listening on port 27269
1613848236732	Marionette	WARN	TLS certificate errors will be ignored for this session
Extension error: [Exception... "Component returned failure code: 0x80004005 (NS_ERROR_FAILURE) [nsIDOMWindowUtils.removeSheetUsingURIString]"  nsresult: "0x80004005 (NS_ERROR_FAILURE)"  location: "JS frame :: resource://gre/modules/ExtensionCommon.jsm :: runSafeSyncWithoutClone :: line 65"  data: no] undefined 65
[[Exception stack
runSafeSyncWithoutClone@resource://gre/modules/ExtensionCommon.jsm:65:12
cleanup@resource://gre/modules/ExtensionContent.jsm:353:11
close@resource://gre/modules/ExtensionContent.jsm:814:7
inner-window-destroyed@resource://gre/modules/ExtensionContent.jsm:889:11
observe@resource://gre/modules/ExtensionContent.jsm:905:5
Current stack
runSafeSyncWithoutClone@resource://gre/modules/ExtensionCommon.jsm:67:129
cleanup@resource://gre/modules/ExtensionContent.jsm:353:11
close@resource://gre/modules/ExtensionContent.jsm:814:7
inner-window-destroyed@resource://gre/modules/ExtensionContent.jsm:889:11
observe@resource://gre/modules/ExtensionContent.jsm:905:5
]]
[Child 34804, Chrome_ChildThread] WARNING: pipe error: 109: file z:/build/build/src/ipc/chromium/src/chrome/common/ipc_channel_win.cc, line [Child 6880, Chrome_ChildThread] WARNING: pipe error: 109: file z:/build/build/src/ipc/chromium/src/chrome/common/ipc_channel_win.cc, line 332
332
[Child 6880, Chrome_ChildThre[Child 34804, Ch[Child 36196, Chrome_ChildThread] WARNING: pipe error: 109: file z:/build/build/src/ipc/chromium/src/chrome/common/ipc_channel_win.cc, line 332
[Child 36196, Chrome_ChildThread] WAWARNING: At least one completion condition is taking too long to complete. Conditions: [{"name":"Sqlite.jsm shutdown blocker","state":{"description":"Waiting for connections to close","state":[{"name":"storage-sync.sqlite#0: waiting for shutdown","state":{"identifier":"storage-sync.sqlite#0","isCloseRequested":false,"hasDbConn":true,"hasInProgressTransaction":false,"pendingStatements":0,"statementCounter":3},"filename":"resource://gre/modules/Sqlite.jsm","lineNumber":257,"stack":["resource://gre/modules/Sqlite.jsm:ConnectionData:257","resource://gre/modules/Sqlite.jsm:OpenedConnection:1183","resource://gre/modules/Sqlite.jsm:openConnection/</<:993"]},{"name":"storage-sync.sqlite#1: waiting for shutdown","state":{"identifier":"storage-sync.sqlite#1","isCloseRequested":false,"hasDbConn":true,"hasInProgressTransaction":false,"pendingStatements":0,"statementCounter":3},"filename":"resource://gre/modules/Sqlite.jsm","lineNumber":257,"stack":["resource://gre/modules/Sqlite.jsm:ConnectionData:257","resource://gre/modules/Sqlite.jsm:OpenedConnection:1183","resource://gre/modules/Sqlite.jsm:openConnection/</<:993"]},{"name":"storage-sync.sqlite#2: waiting for shutdown","state":{"identifier":"storage-sync.sqlite#2","isCloseRequested":false,"hasDbConn":true,"hasInProgressTransaction":false,"pendingStatements":0,"statementCounter":3},"filename":"resource://gre/modules/Sqlite.jsm","lineNumber":257,"stack":["resource://gre/modules/Sqlite.jsm:ConnectionData:257","resource://gre/modules/Sqlite.jsm:OpenedConnection:1183","resource://gre/modules/Sqlite.jsm:openConnection/</<:993"]},{"name":"storage-sync.sqlite#3: waiting for shutdown","state":{"identifier":"storage-sync.sqlite#3","isCloseRequested":false,"hasDbConn":true,"hasInProgressTransaction":false,"pendingStatements":0,"statementCounter":3},"filename":"resource://gre/modules/Sqlite.jsm","lineNumber":257,"stack":["resource://gre/modules/Sqlite.jsm:ConnectionData:257","resource://gre/modules/Sqlite.jsm:OpenedConnection:1183","resource://gre/modules/Sqlite.jsm:openConnection/</<:993"]},{"name":"storage-sync.sqlite#4: waiting for shutdown","state":{"identifier":"storage-sync.sqlite#4","isCloseRequested":false,"hasDbConn":true,"hasInProgressTransaction":false,"pendingStatements":0,"statementCounter":3},"filename":"resource://gre/modules/Sqlite.jsm","lineNumber":257,"stack":["resource://gre/modules/Sqlite.jsm:ConnectionData:257","resource://gre/modules/Sqlite.jsm:OpenedConnection:1183","resource://gre/modules/Sqlite.jsm:openConnection/</<:993"]}]},"filename":"resource://gre/modules/Sqlite.jsm","lineNumber":149,"stack":["resource://gre/modules/Sqlite.jsm:null:149","resource://gre/modules/XPCOMUtils.jsm:get:129","resource://gre/modules/Sqlite.jsm:ConnectionData:257","resource://gre/modules/Sqlite.jsm:OpenedConnection:1183","resource://gre/modules/Sqlite.jsm:cloneStorageConnection/</<:1073"]}] Barrier: profile-before-change
WARNING: At least one completion condition is taking too long to complete. Conditions: [{"name":"storage-sync.sqlite#0: waiting for shutdown","state":{"identifier":"storage-sync.sqlite#0","isCloseRequested":false,"hasDbConn":true,"hasInProgressTransaction":false,"pendingStatements":0,"statementCounter":3},"filename":"resource://gre/modules/Sqlite.jsm","lineNumber":257,"stack":["resource://gre/modules/Sqlite.jsm:ConnectionData:257","resource://gre/modules/Sqlite.jsm:OpenedConnection:1183","resource://gre/modules/Sqlite.jsm:openConnection/</<:993"]},{"name":"storage-sync.sqlite#1: waiting for shutdown","state":{"identifier":"storage-sync.sqlite#1","isCloseRequested":false,"hasDbConn":true,"hasInProgressTransaction":false,"pendingStatements":0,"statementCounter":3},"filename":"resource://gre/modules/Sqlite.jsm","lineNumber":257,"stack":["resource://gre/modules/Sqlite.jsm:ConnectionData:257","resource://gre/modules/Sqlite.jsm:OpenedConnection:1183","resource://gre/modules/Sqlite.jsm:openConnection/</<:993"]},{"name":"storage-sync.sqlite#2: waiting for shutdown","state":{"identifier":"storage-sync.sqlite#2","isCloseRequested":false,"hasDbConn":true,"hasInProgressTransaction":false,"pendingStatements":0,"statementCounter":3},"filename":"resource://gre/modules/Sqlite.jsm","lineNumber":257,"stack":["resource://gre/modules/Sqlite.jsm:ConnectionData:257","resource://gre/modules/Sqlite.jsm:OpenedConnection:1183","resource://gre/modules/Sqlite.jsm:openConnection/</<:993"]},{"name":"storage-sync.sqlite#3: waiting for shutdown","state":{"identifier":"storage-sync.sqlite#3","isCloseRequested":false,"hasDbConn":true,"hasInProgressTransaction":false,"pendingStatements":0,"statementCounter":3},"filename":"resource://gre/modules/Sqlite.jsm","lineNumber":257,"stack":["resource://gre/modules/Sqlite.jsm:ConnectionData:257","resource://gre/modules/Sqlite.jsm:OpenedConnection:1183","resource://gre/modules/Sqlite.jsm:openConnection/</<:993"]},{"name":"storage-sync.sqlite#4: waiting for shutdown","state":{"identifier":"storage-sync.sqlite#4","isCloseRequested":false,"hasDbConn":true,"hasInProgressTransaction":false,"pendingStatements":0,"statementCounter":3},"filename":"resource://gre/modules/Sqlite.jsm","lineNumber":257,"stack":["resource://gre/modules/Sqlite.jsm:ConnectionData:257","resource://gre/modules/Sqlite.jsm:OpenedConnection:1183","resource://gre/modules/Sqlite.jsm:openConnection/</<:993"]}] Barrier: Sqlite.jsm: wait until all connections are closed
JavaScript error: resource:///modules/sessionstore/SessionSaver.jsm, line 179: NS_ERROR_FAILURE: Component returned failure code: 0x80004005 (NS_ERROR_FAILURE) [nsIAppShellService.hiddenDOMWindow]
*** UTM:SVC TimerManager:registerTimer called after profile-before-change notification. Ignoring timer registration for id: telemetry_modules_ping
JavaScript error: jar:file:///C:/Program%20Files/Mozilla%20Firefox/browser/omni.ja!/components/nsBrowserGlue.js, line 1411: NS_ERROR_FAILURE: Component returned failure code: 0x80004005 (NS_ERROR_FAILURE) [nsIAppShellService.hiddenDOMWindow]
JavaScript error: resource://gre/modules/JSONFile.jsm, line 159: Error: Data is not ready.
FATAL ERROR: AsyncShutdown timeout in profile-before-change Conditions: [{"name":"Sqlite.jsm shutdown blocker","state":{"description":"Waiting for connections to close","state":[{"name":"storage-sync.sqlite#0: waiting for shutdown","state":{"identifier":"storage-sync.sqlite#0","isCloseRequested":false,"hasDbConn":true,"hasInProgressTransaction":false,"pendingStatements":0,"statementCounter":3},"filename":"resource://gre/modules/Sqlite.jsm","lineNumber":257,"stack":["resource://gre/modules/Sqlite.jsm:ConnectionData:257","resource://gre/modules/Sqlite.jsm:OpenedConnection:1183","resource://gre/modules/Sqlite.jsm:openConnection/</<:993"]},{"name":"storage-sync.sqlite#1: waiting for shutdown","state":{"identifier":"storage-sync.sqlite#1","isCloseRequested":false,"hasDbConn":true,"hasInProgressTransaction":false,"pendingStatements":0,"statementCounter":3},"filename":"resource://gre/modules/Sqlite.jsm","lineNumber":257,"stack":["resource://gre/modules/Sqlite.jsm:ConnectionData:257","resource://gre/modules/Sqlite.jsm:OpenedConnection:1183","resource://gre/modules/Sqlite.jsm:openConnection/</<:993"]},{"name":"storage-sync.sqlite#2: waiting for shutdown","state":{"identifier":"storage-sync.sqlite#2","isCloseRequested":false,"hasDbConn":true,"hasInProgressTransaction":false,"pendingStatements":0,"statementCounter":3},"filename":"resource://gre/modules/Sqlite.jsm","lineNumber":257,"stack":["resource://gre/modules/Sqlite.jsm:ConnectionData:257","resource://gre/modules/Sqlite.jsm:OpenedConnection:1183","resource://gre/modules/Sqlite.jsm:openConnection/</<:993"]},{"name":"storage-sync.sqlite#3: waiting for shutdown","state":{"identifier":"storage-sync.sqlite#3","isCloseRequested":false,"hasDbConn":true,"hasInProgressTransaction":false,"pendingStatements":0,"statementCounter":3},"filename":"resource://gre/modules/Sqlite.jsm","lineNumber":257,"stack":["resource://gre/modules/Sqlite.jsm:ConnectionData:257","resource://gre/modules/Sqlite.jsm:OpenedConnection:1183","resource://gre/modules/Sqlite.jsm:openConnection/</<:993"]},{"name":"storage-sync.sqlite#4: waiting for shutdown","state":{"identifier":"storage-sync.sqlite#4","isCloseRequested":false,"hasDbConn":true,"hasInProgressTransaction":false,"pendingStatements":0,"statementCounter":3},"filename":"resource://gre/modules/Sqlite.jsm","lineNumber":257,"stack":["resource://gre/modules/Sqlite.jsm:ConnectionData:257","resource://gre/modules/Sqlite.jsm:OpenedConnection:1183","resource://gre/modules/Sqlite.jsm:openConnection/</<:993"]}]},"filename":"resource://gre/modules/Sqlite.jsm","lineNumber":149,"stack":["resource://gre/modules/Sqlite.jsm:null:149","resource://gre/modules/XPCOMUtils.jsm:get:129","resource://gre/modules/Sqlite.jsm:ConnectionData:257","resource://gre/modules/Sqlite.jsm:OpenedConnection:1183","resource://gre/modules/Sqlite.jsm:cloneStorageConnection/</<:1073"]}] At least one completion condition failed to complete within a reasonable amount of time. Causing a crash to ensure that we do not leave the user with an unresponsive process draining resources.
[Parent 12196, Main Thread] ###!!! ABORT: file resource://gre/modules/Sqlite.jsm, line 149
[Parent 12196, Main Thread] ###!!! ABORT: file resource://gre/modules/Sqlite.jsm, line 149
1614607374349	geckodriver	INFO	Listening on 127.0.0.1:28907
1614607377789	mozrunner::runner	INFO	Running command: "C:\\Program Files\\Mozilla Firefox\\firefox.exe" "--marionette" "-foreground" "-no-remote" "-profile" "C:\\Users\\Morplson\\AppData\\Local\\Temp\\rust_mozprofile8zfhi8"
1614607378614	addons.xpi-utils	WARN	Could not find source bundle for add-on default-theme@mozilla.org: [Exception... "Component returned failure code: 0x80004005 (NS_ERROR_FAILURE) [nsIFile.initWithPath]"  nsresult: "0x80004005 (NS_ERROR_FAILURE)"  location: "JS frame :: resource://gre/modules/addons/XPIDatabase.jsm :: parseDB/< :: line 1340"  data: no] Stack trace: parseDB/<()@resource://gre/modules/addons/XPIDatabase.jsm:1340
parseDB()@resource://gre/modules/addons/XPIDatabase.jsm:1338
asyncLoadDB/this._dbPromise<()@resource://gre/modules/addons/XPIDatabase.jsm:1409
awaitPromise()@resource://gre/modules/addons/XPIProvider.jsm:186
syncLoadDB()@resource://gre/modules/addons/XPIDatabase.jsm:1291
checkForChanges()@resource://gre/modules/addons/XPIProvider.jsm:2568
startup()@resource://gre/modules/addons/XPIProvider.jsm:2148
callProvider()@resource://gre/modules/AddonManager.jsm:203
_startProvider()@resource://gre/modules/AddonManager.jsm:652
startup()@resource://gre/modules/AddonManager.jsm:805
startup()@resource://gre/modules/AddonManager.jsm:2775
observe()@jar:file:///C:/Program%20Files/Mozilla%20Firefox/omni.ja!/components/addonManager.js:66
1614607378615	addons.xpi-utils	ERROR	Failed to load XPI JSON data from profile: Error: Expected passed argument to contain a path(resource://gre/modules/addons/XPIDatabase.jsm:262:15) JS Stack trace: AddonInternal@XPIDatabase.jsm:262:15
parseDB/<@XPIDatabase.jsm:1348:24
parseDB@XPIDatabase.jsm:1338:13
asyncLoadDB/this._dbPromise<@XPIDatabase.jsm:1409:15
awaitPromise@XPIProvider.jsm:186:3
syncLoadDB@XPIDatabase.jsm:1291:7
checkForChanges@XPIProvider.jsm:2568:9
startup@XPIProvider.jsm:2148:25
callProvider@AddonManager.jsm:203:12
_startProvider@AddonManager.jsm:652:5
startup@AddonManager.jsm:805:9
startup@AddonManager.jsm:2775:5
observe@addonManager.js:66:9
1614607378615	addons.xpi-utils	WARN	Rebuilding add-ons database from installed extensions.
1614607378757	addons.xpi-utils	WARN	Add-on langpack-de@firefox.mozilla.org is not compatible with application version.
1614607378758	addons.xpi-utils	WARN	Add-on langpack-de@firefox.mozilla.org is not compatible with application version.
1614607378758	addons.xpi-utils	WARN	Add-on langpack-de@firefox.mozilla.org is not compatible with application version.
1614607378879	addons.webextension.screenshots@mozilla.org	WARN	Loading extension 'screenshots@mozilla.org': Reading manifest: Invalid extension permission: mozillaAddons
1614607378879	addons.webextension.screenshots@mozilla.org	WARN	Loading extension 'screenshots@mozilla.org': Reading manifest: Invalid extension permission: resource://pdf.js/
1614607378879	addons.webextension.screenshots@mozilla.org	WARN	Loading extension 'screenshots@mozilla.org': Reading manifest: Invalid extension permission: about:reader*
1614607379002	addons.xpi-utils	WARN	Add-on langpack-de@firefox.mozilla.org is not compatible with application version.
1614607379002	addons.xpi-utils	WARN	Add-on langpack-de@firefox.mozilla.org is not compatible with application version.
1614607379002	addons.xpi-utils	WARN	Add-on langpack-de@firefox.mozilla.org is not compatible with application version.
1614607379116	addons.webextension.screenshots@mozilla.org	WARN	Loading extension 'screenshots@mozilla.org': Reading manifest: Invalid extension permission: mozillaAddons
1614607379116	addons.webextension.screenshots@mozilla.org	WARN	Loading extension 'screenshots@mozilla.org': Reading manifest: Invalid extension permission: resource://pdf.js/
1614607379116	addons.webextension.screenshots@mozilla.org	WARN	Loading extension 'screenshots@mozilla.org': Reading manifest: Invalid extension permission: about:reader*
1614607379472	addons.xpi-utils	WARN	Add-on langpack-de@firefox.mozilla.org is not compatible with application version.
console.error: (new Error("Unknown database schema: 2", "resource://services-common/kinto-storage-adapter.js", 223))
console.error: (new Error("Unknown database schema: 2", "resource://services-common/kinto-storage-adapter.js", 223))
console.error: (new Error("Unknown database schema: 2", "resource://services-common/kinto-storage-adapter.js", 223))
JavaScript error: undefined, line 0: Error: An unexpected error occurred
console.error: (new Error("Unknown database schema: 2", "resource://services-common/kinto-storage-adapter.js", 223))
console.error: (new Error("Unknown database schema: 2", "resource://services-common/kinto-storage-adapter.js", 223))
1614607379993	Marionette	INFO	Listening on port 28927
1614607379998	Marionette	WARN	TLS certificate errors will be ignored for this session
Extension error: [Exception... "Component returned failure code: 0x80004005 (NS_ERROR_FAILURE) [nsIDOMWindowUtils.removeSheetUsingURIString]"  nsresult: "0x80004005 (NS_ERROR_FAILURE)"  location: "JS frame :: resource://gre/modules/ExtensionCommon.jsm :: runSafeSyncWithoutClone :: line 65"  data: no] undefined 65
[[Exception stack
runSafeSyncWithoutClone@resource://gre/modules/ExtensionCommon.jsm:65:12
cleanup@resource://gre/modules/ExtensionContent.jsm:353:11
close@resource://gre/modules/ExtensionContent.jsm:814:7
inner-window-destroyed@resource://gre/modules/ExtensionContent.jsm:889:11
observe@resource://gre/modules/ExtensionContent.jsm:905:5
Current stack
runSafeSyncWithoutClone@resource://gre/modules/ExtensionCommon.jsm:67:129
cleanup@resource://gre/modules/ExtensionContent.jsm:353:11
close@resource://gre/modules/ExtensionContent.jsm:814:7
inner-window-destroyed@resource://gre/modules/ExtensionContent.jsm:889:11
observe@resource://gre/modules/ExtensionContent.jsm:905:5
]]
JavaScript error: jar:file:///C:/Program%20Files/Mozilla%20Firefox/omni.ja!/components/nsUrlClassifierListManager.js, line 597: TypeError: this.tablesData[table] is undefined
[Parent 24676, Gecko_IOThread] WARNING: pipe error: 109: file z:/build/build/src/ipc/chromium/src/chrome/common/ipc_channel_win.cc, line 332
[Parent 24676, Gecko_IOThread] WARNING: pipe error: 109: file z:/build/build/src/ipc/chromium/src/chrome/common/ipc_channel_win.cc, line 332
[Child 25032, Chrome_ChildThread] WARNING: pipe error: 109: file z:/build/build/src/ipc/chromium/src/chrome/common/ipc_channel_win.cc, line 332
[Child 25032, Chrome_ChildThread][WARNING: At least one completion condition is taking too long to complete. Conditions: [{"name":"Sqlite.jsm shutdown blocker","state":{"description":"Waiting for connections to close","state":[{"name":"storage-sync.sqlite#0: waiting for shutdown","state":{"identifier":"storage-sync.sqlite#0","isCloseRequested":false,"hasDbConn":true,"hasInProgressTransaction":false,"pendingStatements":0,"statementCounter":3},"filename":"resource://gre/modules/Sqlite.jsm","lineNumber":257,"stack":["resource://gre/modules/Sqlite.jsm:ConnectionData:257","resource://gre/modules/Sqlite.jsm:OpenedConnection:1183","resource://gre/modules/Sqlite.jsm:openConnection/</<:993"]},{"name":"storage-sync.sqlite#1: waiting for shutdown","state":{"identifier":"storage-sync.sqlite#1","isCloseRequested":false,"hasDbConn":true,"hasInProgressTransaction":false,"pendingStatements":0,"statementCounter":3},"filename":"resource://gre/modules/Sqlite.jsm","lineNumber":257,"stack":["resource://gre/modules/Sqlite.jsm:ConnectionData:257","resource://gre/modules/Sqlite.jsm:OpenedConnection:1183","resource://gre/modules/Sqlite.jsm:openConnection/</<:993"]},{"name":"storage-sync.sqlite#2: waiting for shutdown","state":{"identifier":"storage-sync.sqlite#2","isCloseRequested":false,"hasDbConn":true,"hasInProgressTransaction":false,"pendingStatements":0,"statementCounter":3},"filename":"resource://gre/modules/Sqlite.jsm","lineNumber":257,"stack":["resource://gre/modules/Sqlite.jsm:ConnectionData:257","resource://gre/modules/Sqlite.jsm:OpenedConnection:1183","resource://gre/modules/Sqlite.jsm:openConnection/</<:993"]},{"name":"storage-sync.sqlite#3: waiting for shutdown","state":{"identifier":"storage-sync.sqlite#3","isCloseRequested":false,"hasDbConn":true,"hasInProgressTransaction":false,"pendingStatements":0,"statementCounter":3},"filename":"resource://gre/modules/Sqlite.jsm","lineNumber":257,"stack":["resource://gre/modules/Sqlite.jsm:ConnectionData:257","resource://gre/modules/Sqlite.jsm:OpenedConnection:1183","resource://gre/modules/Sqlite.jsm:openConnection/</<:993"]},{"name":"storage-sync.sqlite#4: waiting for shutdown","state":{"identifier":"storage-sync.sqlite#4","isCloseRequested":false,"hasDbConn":true,"hasInProgressTransaction":false,"pendingStatements":0,"statementCounter":3},"filename":"resource://gre/modules/Sqlite.jsm","lineNumber":257,"stack":["resource://gre/modules/Sqlite.jsm:ConnectionData:257","resource://gre/modules/Sqlite.jsm:OpenedConnection:1183","resource://gre/modules/Sqlite.jsm:openConnection/</<:993"]}]},"filename":"resource://gre/modules/Sqlite.jsm","lineNumber":149,"stack":["resource://gre/modules/Sqlite.jsm:null:149","resource://gre/modules/XPCOMUtils.jsm:get:129","resource://gre/modules/Sqlite.jsm:ConnectionData:257","resource://gre/modules/Sqlite.jsm:OpenedConnection:1183","resource://gre/modules/Sqlite.jsm:cloneStorageConnection/</<:1073"]}] Barrier: profile-before-change
WARNING: At least one completion condition is taking too long to complete. Conditions: [{"name":"storage-sync.sqlite#0: waiting for shutdown","state":{"identifier":"storage-sync.sqlite#0","isCloseRequested":false,"hasDbConn":true,"hasInProgressTransaction":false,"pendingStatements":0,"statementCounter":3},"filename":"resource://gre/modules/Sqlite.jsm","lineNumber":257,"stack":["resource://gre/modules/Sqlite.jsm:ConnectionData:257","resource://gre/modules/Sqlite.jsm:OpenedConnection:1183","resource://gre/modules/Sqlite.jsm:openConnection/</<:993"]},{"name":"storage-sync.sqlite#1: waiting for shutdown","state":{"identifier":"storage-sync.sqlite#1","isCloseRequested":false,"hasDbConn":true,"hasInProgressTransaction":false,"pendingStatements":0,"statementCounter":3},"filename":"resource://gre/modules/Sqlite.jsm","lineNumber":257,"stack":["resource://gre/modules/Sqlite.jsm:ConnectionData:257","resource://gre/modules/Sqlite.jsm:OpenedConnection:1183","resource://gre/modules/Sqlite.jsm:openConnection/</<:993"]},{"name":"storage-sync.sqlite#2: waiting for shutdown","state":{"identifier":"storage-sync.sqlite#2","isCloseRequested":false,"hasDbConn":true,"hasInProgressTransaction":false,"pendingStatements":0,"statementCounter":3},"filename":"resource://gre/modules/Sqlite.jsm","lineNumber":257,"stack":["resource://gre/modules/Sqlite.jsm:ConnectionData:257","resource://gre/modules/Sqlite.jsm:OpenedConnection:1183","resource://gre/modules/Sqlite.jsm:openConnection/</<:993"]},{"name":"storage-sync.sqlite#3: waiting for shutdown","state":{"identifier":"storage-sync.sqlite#3","isCloseRequested":false,"hasDbConn":true,"hasInProgressTransaction":false,"pendingStatements":0,"statementCounter":3},"filename":"resource://gre/modules/Sqlite.jsm","lineNumber":257,"stack":["resource://gre/modules/Sqlite.jsm:ConnectionData:257","resource://gre/modules/Sqlite.jsm:OpenedConnection:1183","resource://gre/modules/Sqlite.jsm:openConnection/</<:993"]},{"name":"storage-sync.sqlite#4: waiting for shutdown","state":{"identifier":"storage-sync.sqlite#4","isCloseRequested":false,"hasDbConn":true,"hasInProgressTransaction":false,"pendingStatements":0,"statementCounter":3},"filename":"resource://gre/modules/Sqlite.jsm","lineNumber":257,"stack":["resource://gre/modules/Sqlite.jsm:ConnectionData:257","resource://gre/modules/Sqlite.jsm:OpenedConnection:1183","resource://gre/modules/Sqlite.jsm:openConnection/</<:993"]}] Barrier: Sqlite.jsm: wait until all connections are closed
JavaScript error: resource:///modules/sessionstore/SessionSaver.jsm, line 179: NS_ERROR_FAILURE: Component returned failure code: 0x80004005 (NS_ERROR_FAILURE) [nsIAppShellService.hiddenDOMWindow]
*** UTM:SVC TimerManager:registerTimer called after profile-before-change notification. Ignoring timer registration for id: telemetry_modules_ping
FATAL ERROR: AsyncShutdown timeout in profile-before-change Conditions: [{"name":"Sqlite.jsm shutdown blocker","state":{"description":"Waiting for connections to close","state":[{"name":"storage-sync.sqlite#0: waiting for shutdown","state":{"identifier":"storage-sync.sqlite#0","isCloseRequested":false,"hasDbConn":true,"hasInProgressTransaction":false,"pendingStatements":0,"statementCounter":3},"filename":"resource://gre/modules/Sqlite.jsm","lineNumber":257,"stack":["resource://gre/modules/Sqlite.jsm:ConnectionData:257","resource://gre/modules/Sqlite.jsm:OpenedConnection:1183","resource://gre/modules/Sqlite.jsm:openConnection/</<:993"]},{"name":"storage-sync.sqlite#1: waiting for shutdown","state":{"identifier":"storage-sync.sqlite#1","isCloseRequested":false,"hasDbConn":true,"hasInProgressTransaction":false,"pendingStatements":0,"statementCounter":3},"filename":"resource://gre/modules/Sqlite.jsm","lineNumber":257,"stack":["resource://gre/modules/Sqlite.jsm:ConnectionData:257","resource://gre/modules/Sqlite.jsm:OpenedConnection:1183","resource://gre/modules/Sqlite.jsm:openConnection/</<:993"]},{"name":"storage-sync.sqlite#2: waiting for shutdown","state":{"identifier":"storage-sync.sqlite#2","isCloseRequested":false,"hasDbConn":true,"hasInProgressTransaction":false,"pendingStatements":0,"statementCounter":3},"filename":"resource://gre/modules/Sqlite.jsm","lineNumber":257,"stack":["resource://gre/modules/Sqlite.jsm:ConnectionData:257","resource://gre/modules/Sqlite.jsm:OpenedConnection:1183","resource://gre/modules/Sqlite.jsm:openConnection/</<:993"]},{"name":"storage-sync.sqlite#3: waiting for shutdown","state":{"identifier":"storage-sync.sqlite#3","isCloseRequested":false,"hasDbConn":true,"hasInProgressTransaction":false,"pendingStatements":0,"statementCounter":3},"filename":"resource://gre/modules/Sqlite.jsm","lineNumber":257,"stack":["resource://gre/modules/Sqlite.jsm:ConnectionData:257","resource://gre/modules/Sqlite.jsm:OpenedConnection:1183","resource://gre/modules/Sqlite.jsm:openConnection/</<:993"]},{"name":"storage-sync.sqlite#4: waiting for shutdown","state":{"identifier":"storage-sync.sqlite#4","isCloseRequested":false,"hasDbConn":true,"hasInProgressTransaction":false,"pendingStatements":0,"statementCounter":3},"filename":"resource://gre/modules/Sqlite.jsm","lineNumber":257,"stack":["resource://gre/modules/Sqlite.jsm:ConnectionData:257","resource://gre/modules/Sqlite.jsm:OpenedConnection:1183","resource://gre/modules/Sqlite.jsm:openConnection/</<:993"]}]},"filename":"resource://gre/modules/Sqlite.jsm","lineNumber":149,"stack":["resource://gre/modules/Sqlite.jsm:null:149","resource://gre/modules/XPCOMUtils.jsm:get:129","resource://gre/modules/Sqlite.jsm:ConnectionData:257","resource://gre/modules/Sqlite.jsm:OpenedConnection:1183","resource://gre/modules/Sqlite.jsm:cloneStorageConnection/</<:1073"]}] At least one completion condition failed to complete within a reasonable amount of time. Causing a crash to ensure that we do not leave the user with an unresponsive process draining resources.
[Parent 24676, Main Thread] ###!!! ABORT: file resource://gre/modules/Sqlite.jsm, line 149
[Parent 24676, Main Thread] ###!!! ABORT: file resource://gre/modules/Sqlite.jsm, line 149
1614607534258	geckodriver	INFO	Listening on 127.0.0.1:29123
1614607537689	mozrunner::runner	INFO	Running command: "C:\\Program Files\\Mozilla Firefox\\firefox.exe" "--marionette" "-foreground" "-no-remote" "-profile" "C:\\Users\\Morplson\\AppData\\Local\\Temp\\rust_mozprofileFeIkwO"
1614607537909	addons.xpi-utils	WARN	Could not find source bundle for add-on default-theme@mozilla.org: [Exception... "Component returned failure code: 0x80004005 (NS_ERROR_FAILURE) [nsIFile.initWithPath]"  nsresult: "0x80004005 (NS_ERROR_FAILURE)"  location: "JS frame :: resource://gre/modules/addons/XPIDatabase.jsm :: parseDB/< :: line 1340"  data: no] Stack trace: parseDB/<()@resource://gre/modules/addons/XPIDatabase.jsm:1340
parseDB()@resource://gre/modules/addons/XPIDatabase.jsm:1338
asyncLoadDB/this._dbPromise<()@resource://gre/modules/addons/XPIDatabase.jsm:1409
awaitPromise()@resource://gre/modules/addons/XPIProvider.jsm:186
syncLoadDB()@resource://gre/modules/addons/XPIDatabase.jsm:1291
checkForChanges()@resource://gre/modules/addons/XPIProvider.jsm:2568
startup()@resource://gre/modules/addons/XPIProvider.jsm:2148
callProvider()@resource://gre/modules/AddonManager.jsm:203
_startProvider()@resource://gre/modules/AddonManager.jsm:652
startup()@resource://gre/modules/AddonManager.jsm:805
startup()@resource://gre/modules/AddonManager.jsm:2775
observe()@jar:file:///C:/Program%20Files/Mozilla%20Firefox/omni.ja!/components/addonManager.js:66
1614607537909	addons.xpi-utils	ERROR	Failed to load XPI JSON data from profile: Error: Expected passed argument to contain a path(resource://gre/modules/addons/XPIDatabase.jsm:262:15) JS Stack trace: AddonInternal@XPIDatabase.jsm:262:15
parseDB/<@XPIDatabase.jsm:1348:24
parseDB@XPIDatabase.jsm:1338:13
asyncLoadDB/this._dbPromise<@XPIDatabase.jsm:1409:15
awaitPromise@XPIProvider.jsm:186:3
syncLoadDB@XPIDatabase.jsm:1291:7
checkForChanges@XPIProvider.jsm:2568:9
startup@XPIProvider.jsm:2148:25
callProvider@AddonManager.jsm:203:12
_startProvider@AddonManager.jsm:652:5
startup@AddonManager.jsm:805:9
startup@AddonManager.jsm:2775:5
observe@addonManager.js:66:9
1614607537909	addons.xpi-utils	WARN	Rebuilding add-ons database from installed extensions.
1614607538021	addons.xpi-utils	WARN	Add-on langpack-de@firefox.mozilla.org is not compatible with application version.
1614607538021	addons.xpi-utils	WARN	Add-on langpack-de@firefox.mozilla.org is not compatible with application version.
1614607538021	addons.xpi-utils	WARN	Add-on langpack-de@firefox.mozilla.org is not compatible with application version.
1614607538139	addons.webextension.screenshots@mozilla.org	WARN	Loading extension 'screenshots@mozilla.org': Reading manifest: Invalid extension permission: mozillaAddons
1614607538139	addons.webextension.screenshots@mozilla.org	WARN	Loading extension 'screenshots@mozilla.org': Reading manifest: Invalid extension permission: resource://pdf.js/
1614607538139	addons.webextension.screenshots@mozilla.org	WARN	Loading extension 'screenshots@mozilla.org': Reading manifest: Invalid extension permission: about:reader*
1614607538251	addons.xpi-utils	WARN	Add-on langpack-de@firefox.mozilla.org is not compatible with application version.
1614607538251	addons.xpi-utils	WARN	Add-on langpack-de@firefox.mozilla.org is not compatible with application version.
1614607538251	addons.xpi-utils	WARN	Add-on langpack-de@firefox.mozilla.org is not compatible with application version.
1614607538354	addons.webextension.screenshots@mozilla.org	WARN	Loading extension 'screenshots@mozilla.org': Reading manifest: Invalid extension permission: mozillaAddons
1614607538354	addons.webextension.screenshots@mozilla.org	WARN	Loading extension 'screenshots@mozilla.org': Reading manifest: Invalid extension permission: resource://pdf.js/
1614607538354	addons.webextension.screenshots@mozilla.org	WARN	Loading extension 'screenshots@mozilla.org': Reading manifest: Invalid extension permission: about:reader*
1614607538633	addons.xpi-utils	WARN	Add-on langpack-de@firefox.mozilla.org is not compatible with application version.
console.error: (new Error("Unknown database schema: 2", "resource://services-common/kinto-storage-adapter.js", 223))
console.error: (new Error("Unknown database schema: 2", "resource://services-common/kinto-storage-adapter.js", 223))
console.error: (new Error("Unknown database schema: 2", "resource://services-common/kinto-storage-adapter.js", 223))
JavaScript error: undefined, line 0: Error: An unexpected error occurred
console.error: (new Error("Unknown database schema: 2", "resource://services-common/kinto-storage-adapter.js", 223))
console.error: (new Error("Unknown database schema: 2", "resource://services-common/kinto-storage-adapter.js", 223))
1614607539055	Marionette	INFO	Listening on port 29137
1614607539293	Marionette	WARN	TLS certificate errors will be ignored for this session
JavaScript error: resource://gre/modules/Sqlite.jsm, line 81: Error: Warning: Sqlite connection 'storage-sync.sqlite#0' was not properly closed. Auto-close triggered by garbage collection.

JavaScript error: resource://gre/modules/Sqlite.jsm, line 81: Error: Warning: Sqlite connection 'storage-sync.sqlite#1' was not properly closed. Auto-close triggered by garbage collection.

JavaScript error: resource://gre/modules/Sqlite.jsm, line 81: Error: Warning: Sqlite connection 'storage-sync.sqlite#2' was not properly closed. Auto-close triggered by garbage collection.

JavaScript error: resource://gre/modules/Sqlite.jsm, line 81: Error: Warning: Sqlite connection 'storage-sync.sqlite#3' was not properly closed. Auto-close triggered by garbage collection.

JavaScript error: resource://gre/modules/Sqlite.jsm, line 81: Error: Warning: Sqlite connection 'storage-sync.sqlite#4' was not properly closed. Auto-close triggered by garbage collection.

Extension error: [Exception... "Component returned failure code: 0x80004005 (NS_ERROR_FAILURE) [nsIDOMWindowUtils.removeSheetUsingURIString]"  nsresult: "0x80004005 (NS_ERROR_FAILURE)"  location: "JS frame :: resource://gre/modules/ExtensionCommon.jsm :: runSafeSyncWithoutClone :: line 65"  data: no] undefined 65
[[Exception stack
runSafeSyncWithoutClone@resource://gre/modules/ExtensionCommon.jsm:65:12
cleanup@resource://gre/modules/ExtensionContent.jsm:353:11
close@resource://gre/modules/ExtensionContent.jsm:814:7
inner-window-destroyed@resource://gre/modules/ExtensionContent.jsm:889:11
observe@resource://gre/modules/ExtensionContent.jsm:905:5
Current stack
runSafeSyncWithoutClone@resource://gre/modules/ExtensionCommon.jsm:67:129
cleanup@resource://gre/modules/ExtensionContent.jsm:353:11
close@resource://gre/modules/ExtensionContent.jsm:814:7
inner-window-destroyed@resource://gre/modules/ExtensionContent.jsm:889:11
observe@resource://gre/modules/ExtensionContent.jsm:905:5
]]
[Child 35756, Chrome_ChildThread] WARNING: pipe error: 109: file z:/build/build/src/ipc/chromium/src/chrome/common/ipc_channel_win.cc, line 332
[Child 35756, Chrome_Chi[Child 28632, Chrome_ChildThread] WARNING: pipe error: 109: file z:/build/build/src/ipc/chromium/src/chrome/common/ipc_channel_win.cc, line 332
[Child 28632, Chrome_ChildThread] [Parent 37184, Gecko_IOThread] WARNING: pipe error: 109: file z:/build/build/src/ipc/chromium/src/chrome/common/ipc_channel_win.cc, line 332
[Child 31614607556563	Marionette	INFO	Stopped listening on port 29137
[GPU 29260, Chrome_ChildThrea
###!!! [Child][RunMessage] Error: Channel closing: too late to send/recv, messages will be lost


###!!! [Child][MessageChannel::SendAndWait] Error: Channel error: cannot send/recv

1614607558735	geckodriver	INFO	Listening on 127.0.0.1:29192
1614607562169	mozrunner::runner	INFO	Running command: "C:\\Program Files\\Mozilla Firefox\\firefox.exe" "--marionette" "-foreground" "-no-remote" "-profile" "C:\\Users\\Morplson\\AppData\\Local\\Temp\\rust_mozprofileHz6lpD"
1614607562385	addons.xpi-utils	WARN	Could not find source bundle for add-on default-theme@mozilla.org: [Exception... "Component returned failure code: 0x80004005 (NS_ERROR_FAILURE) [nsIFile.initWithPath]"  nsresult: "0x80004005 (NS_ERROR_FAILURE)"  location: "JS frame :: resource://gre/modules/addons/XPIDatabase.jsm :: parseDB/< :: line 1340"  data: no] Stack trace: parseDB/<()@resource://gre/modules/addons/XPIDatabase.jsm:1340
parseDB()@resource://gre/modules/addons/XPIDatabase.jsm:1338
asyncLoadDB/this._dbPromise<()@resource://gre/modules/addons/XPIDatabase.jsm:1409
awaitPromise()@resource://gre/modules/addons/XPIProvider.jsm:186
syncLoadDB()@resource://gre/modules/addons/XPIDatabase.jsm:1291
checkForChanges()@resource://gre/modules/addons/XPIProvider.jsm:2568
startup()@resource://gre/modules/addons/XPIProvider.jsm:2148
callProvider()@resource://gre/modules/AddonManager.jsm:203
_startProvider()@resource://gre/modules/AddonManager.jsm:652
startup()@resource://gre/modules/AddonManager.jsm:805
startup()@resource://gre/modules/AddonManager.jsm:2775
observe()@jar:file:///C:/Program%20Files/Mozilla%20Firefox/omni.ja!/components/addonManager.js:66
1614607562385	addons.xpi-utils	ERROR	Failed to load XPI JSON data from profile: Error: Expected passed argument to contain a path(resource://gre/modules/addons/XPIDatabase.jsm:262:15) JS Stack trace: AddonInternal@XPIDatabase.jsm:262:15
parseDB/<@XPIDatabase.jsm:1348:24
parseDB@XPIDatabase.jsm:1338:13
asyncLoadDB/this._dbPromise<@XPIDatabase.jsm:1409:15
awaitPromise@XPIProvider.jsm:186:3
syncLoadDB@XPIDatabase.jsm:1291:7
checkForChanges@XPIProvider.jsm:2568:9
startup@XPIProvider.jsm:2148:25
callProvider@AddonManager.jsm:203:12
_startProvider@AddonManager.jsm:652:5
startup@AddonManager.jsm:805:9
startup@AddonManager.jsm:2775:5
observe@addonManager.js:66:9
1614607562385	addons.xpi-utils	WARN	Rebuilding add-ons database from installed extensions.
1614607562493	addons.xpi-utils	WARN	Add-on langpack-de@firefox.mozilla.org is not compatible with application version.
1614607562493	addons.xpi-utils	WARN	Add-on langpack-de@firefox.mozilla.org is not compatible with application version.
1614607562493	addons.xpi-utils	WARN	Add-on langpack-de@firefox.mozilla.org is not compatible with application version.
1614607562607	addons.webextension.screenshots@mozilla.org	WARN	Loading extension 'screenshots@mozilla.org': Reading manifest: Invalid extension permission: mozillaAddons
1614607562607	addons.webextension.screenshots@mozilla.org	WARN	Loading extension 'screenshots@mozilla.org': Reading manifest: Invalid extension permission: resource://pdf.js/
1614607562607	addons.webextension.screenshots@mozilla.org	WARN	Loading extension 'screenshots@mozilla.org': Reading manifest: Invalid extension permission: about:reader*
1614607562714	addons.xpi-utils	WARN	Add-on langpack-de@firefox.mozilla.org is not compatible with application version.
1614607562714	addons.xpi-utils	WARN	Add-on langpack-de@firefox.mozilla.org is not compatible with application version.
1614607562715	addons.xpi-utils	WARN	Add-on langpack-de@firefox.mozilla.org is not compatible with application version.
1614607562822	addons.webextension.screenshots@mozilla.org	WARN	Loading extension 'screenshots@mozilla.org': Reading manifest: Invalid extension permission: mozillaAddons
1614607562822	addons.webextension.screenshots@mozilla.org	WARN	Loading extension 'screenshots@mozilla.org': Reading manifest: Invalid extension permission: resource://pdf.js/
1614607562822	addons.webextension.screenshots@mozilla.org	WARN	Loading extension 'screenshots@mozilla.org': Reading manifest: Invalid extension permission: about:reader*
1614607563109	addons.xpi-utils	WARN	Add-on langpack-de@firefox.mozilla.org is not compatible with application version.
1614607563430	Marionette	INFO	Listening on port 29203
console.error: (new Error("Unknown database schema: 2", "resource://services-common/kinto-storage-adapter.js", 223))
console.error: (new Error("Unknown database schema: 2", "resource://services-common/kinto-storage-adapter.js", 223))
console.error: (new Error("Unknown database schema: 2", "resource://services-common/kinto-storage-adapter.js", 223))
JavaScript error: undefined, line 0: Error: An unexpected error occurred
console.error: (new Error("Unknown database schema: 2", "resource://services-common/kinto-storage-adapter.js", 223))
console.error: (new Error("Unknown database schema: 2", "resource://services-common/kinto-storage-adapter.js", 223))
1614607563775	Marionette	WARN	TLS certificate errors will be ignored for this session
JavaScript error: resource://gre/modules/Sqlite.jsm, line 81: Error: Warning: Sqlite connection 'storage-sync.sqlite#0' was not properly closed. Auto-close triggered by garbage collection.

JavaScript error: resource://gre/modules/Sqlite.jsm, line 81: Error: Warning: Sqlite connection 'storage-sync.sqlite#1' was not properly closed. Auto-close triggered by garbage collection.

JavaScript error: resource://gre/modules/Sqlite.jsm, line 81: Error: Warning: Sqlite connection 'storage-sync.sqlite#2' was not properly closed. Auto-close triggered by garbage collection.

JavaScript error: resource://gre/modules/Sqlite.jsm, line 81: Error: Warning: Sqlite connection 'storage-sync.sqlite#3' was not properly closed. Auto-close triggered by garbage collection.

JavaScript error: resource://gre/modules/Sqlite.jsm, line 81: Error: Warning: Sqlite connection 'storage-sync.sqlite#4' was not properly closed. Auto-close triggered by garbage collection.

[Parent 27752, Gecko_IOThread] WARNING: pipe error: 109: file z:/build/build/src/ipc/chromium/src/chrome/common/ipc_channel_win.cc, line 332
1614607578695	Marionette	INFO	Stopped listening on port 29203
[Child 18928, Chrome_ChildThread] WARNING: pipe error: 109: file z:/build/build/src/ipc/chromium/src/chrome/common/ipc_channel_win.cc, line 332
[Child 34032, Chrome_ChildThread] WARNING: pipe error: 109: file z:/build/build/src/ipc/chromium/src/chrome/common/ipc_channel_win.cc, line 332
[Child 34032, Chrome_ChildThread] WA[Parent 27752, Gecko_IOThread] WARNING: pipe error: 109: file z:/build/build/src/ipc/chromium/src/chrome/common/ipc_channel_win.cc, line 332
[Child 35384, Chrome_ChildThread] WARNING: pipe error: 109: file z:/build/build/src/ipc/chromium/src/chrome/common/ipc_channel_win.cc, line 332
[Child 35384, Chrome_ChildT
###!!! [Child][RunMessage] Error: Channel closing: too late to send/recv, messages will be lost

[GPU 
###!!! [Child][MessageChannel::SendAndWait] Error: Channel error: cannot send/recv

1614607597906	geckodriver	INFO	Listening on 127.0.0.1:29283
1614607601349	mozrunner::runner	INFO	Running command: "C:\\Program Files\\Mozilla Firefox\\firefox.exe" "--marionette" "-foreground" "-no-remote" "-profile" "C:\\Users\\Morplson\\AppData\\Local\\Temp\\rust_mozprofilepnNPqj"
1614607601559	addons.xpi-utils	WARN	Could not find source bundle for add-on default-theme@mozilla.org: [Exception... "Component returned failure code: 0x80004005 (NS_ERROR_FAILURE) [nsIFile.initWithPath]"  nsresult: "0x80004005 (NS_ERROR_FAILURE)"  location: "JS frame :: resource://gre/modules/addons/XPIDatabase.jsm :: parseDB/< :: line 1340"  data: no] Stack trace: parseDB/<()@resource://gre/modules/addons/XPIDatabase.jsm:1340
parseDB()@resource://gre/modules/addons/XPIDatabase.jsm:1338
asyncLoadDB/this._dbPromise<()@resource://gre/modules/addons/XPIDatabase.jsm:1409
awaitPromise()@resource://gre/modules/addons/XPIProvider.jsm:186
syncLoadDB()@resource://gre/modules/addons/XPIDatabase.jsm:1291
checkForChanges()@resource://gre/modules/addons/XPIProvider.jsm:2568
startup()@resource://gre/modules/addons/XPIProvider.jsm:2148
callProvider()@resource://gre/modules/AddonManager.jsm:203
_startProvider()@resource://gre/modules/AddonManager.jsm:652
startup()@resource://gre/modules/AddonManager.jsm:805
startup()@resource://gre/modules/AddonManager.jsm:2775
observe()@jar:file:///C:/Program%20Files/Mozilla%20Firefox/omni.ja!/components/addonManager.js:66
1614607601559	addons.xpi-utils	ERROR	Failed to load XPI JSON data from profile: Error: Expected passed argument to contain a path(resource://gre/modules/addons/XPIDatabase.jsm:262:15) JS Stack trace: AddonInternal@XPIDatabase.jsm:262:15
parseDB/<@XPIDatabase.jsm:1348:24
parseDB@XPIDatabase.jsm:1338:13
asyncLoadDB/this._dbPromise<@XPIDatabase.jsm:1409:15
awaitPromise@XPIProvider.jsm:186:3
syncLoadDB@XPIDatabase.jsm:1291:7
checkForChanges@XPIProvider.jsm:2568:9
startup@XPIProvider.jsm:2148:25
callProvider@AddonManager.jsm:203:12
_startProvider@AddonManager.jsm:652:5
startup@AddonManager.jsm:805:9
startup@AddonManager.jsm:2775:5
observe@addonManager.js:66:9
1614607601560	addons.xpi-utils	WARN	Rebuilding add-ons database from installed extensions.
1614607601665	addons.xpi-utils	WARN	Add-on langpack-de@firefox.mozilla.org is not compatible with application version.
1614607601665	addons.xpi-utils	WARN	Add-on langpack-de@firefox.mozilla.org is not compatible with application version.
1614607601665	addons.xpi-utils	WARN	Add-on langpack-de@firefox.mozilla.org is not compatible with application version.
1614607601776	addons.webextension.screenshots@mozilla.org	WARN	Loading extension 'screenshots@mozilla.org': Reading manifest: Invalid extension permission: mozillaAddons
1614607601776	addons.webextension.screenshots@mozilla.org	WARN	Loading extension 'screenshots@mozilla.org': Reading manifest: Invalid extension permission: resource://pdf.js/
1614607601776	addons.webextension.screenshots@mozilla.org	WARN	Loading extension 'screenshots@mozilla.org': Reading manifest: Invalid extension permission: about:reader*
1614607601883	addons.xpi-utils	WARN	Add-on langpack-de@firefox.mozilla.org is not compatible with application version.
1614607601883	addons.xpi-utils	WARN	Add-on langpack-de@firefox.mozilla.org is not compatible with application version.
1614607601883	addons.xpi-utils	WARN	Add-on langpack-de@firefox.mozilla.org is not compatible with application version.
1614607601988	addons.webextension.screenshots@mozilla.org	WARN	Loading extension 'screenshots@mozilla.org': Reading manifest: Invalid extension permission: mozillaAddons
1614607601988	addons.webextension.screenshots@mozilla.org	WARN	Loading extension 'screenshots@mozilla.org': Reading manifest: Invalid extension permission: resource://pdf.js/
1614607601988	addons.webextension.screenshots@mozilla.org	WARN	Loading extension 'screenshots@mozilla.org': Reading manifest: Invalid extension permission: about:reader*
1614607602265	addons.xpi-utils	WARN	Add-on langpack-de@firefox.mozilla.org is not compatible with application version.
1614607602613	Marionette	INFO	Listening on port 29294
console.error: (new Error("Unknown database schema: 2", "resource://services-common/kinto-storage-adapter.js", 223))
console.error: (new Error("Unknown database schema: 2", "resource://services-common/kinto-storage-adapter.js", 223))
console.error: (new Error("Unknown database schema: 2", "resource://services-common/kinto-storage-adapter.js", 223))
JavaScript error: undefined, line 0: Error: An unexpected error occurred
console.error: (new Error("Unknown database schema: 2", "resource://services-common/kinto-storage-adapter.js", 223))
console.error: (new Error("Unknown database schema: 2", "resource://services-common/kinto-storage-adapter.js", 223))
1614607602956	Marionette	WARN	TLS certificate errors will be ignored for this session
JavaScript error: resource://gre/modules/Sqlite.jsm, line 81: Error: Warning: Sqlite connection 'storage-sync.sqlite#0' was not properly closed. Auto-close triggered by garbage collection.

JavaScript error: resource://gre/modules/Sqlite.jsm, line 81: Error: Warning: Sqlite connection 'storage-sync.sqlite#1' was not properly closed. Auto-close triggered by garbage collection.

JavaScript error: resource://gre/modules/Sqlite.jsm, line 81: Error: Warning: Sqlite connection 'storage-sync.sqlite#2' was not properly closed. Auto-close triggered by garbage collection.

JavaScript error: resource://gre/modules/Sqlite.jsm, line 81: Error: Warning: Sqlite connection 'storage-sync.sqlite#3' was not properly closed. Auto-close triggered by garbage collection.

JavaScript error: resource://gre/modules/Sqlite.jsm, line 81: Error: Warning: Sqlite connection 'storage-sync.sqlite#4' was not properly closed. Auto-close triggered by garbage collection.

1614607624018	Marionette	INFO	Stopped listening on port 29294
[Child 10684, Chrome_ChildThread] WARNING: pipe error: 109: file z:/build/build/src/ipc/chromium/src/chrome/common/ipc_channel_win.cc, line 332
[Parent 29828, Gecko_IOThread] WARNING: pipe error: 109: file z:/build/build/src/ipc/chromium/src/chrome/common/ipc_channel_win.cc, line 332
[Ch[
###!!! [Child][RunMessage] Error: Channel closing: too late to send/recv, messages will be lost

[GPU 25080, Ch
###!!! [Child][MessageChannel::SendAndWait] Error: Channel error: cannot send/recv

1614607648435	geckodriver	INFO	Listening on 127.0.0.1:29378
1614607651877	mozrunner::runner	INFO	Running command: "C:\\Program Files\\Mozilla Firefox\\firefox.exe" "--marionette" "-foreground" "-no-remote" "-profile" "C:\\Users\\Morplson\\AppData\\Local\\Temp\\rust_mozprofile2kZVhC"
1614607652086	addons.xpi-utils	WARN	Could not find source bundle for add-on default-theme@mozilla.org: [Exception... "Component returned failure code: 0x80004005 (NS_ERROR_FAILURE) [nsIFile.initWithPath]"  nsresult: "0x80004005 (NS_ERROR_FAILURE)"  location: "JS frame :: resource://gre/modules/addons/XPIDatabase.jsm :: parseDB/< :: line 1340"  data: no] Stack trace: parseDB/<()@resource://gre/modules/addons/XPIDatabase.jsm:1340
parseDB()@resource://gre/modules/addons/XPIDatabase.jsm:1338
asyncLoadDB/this._dbPromise<()@resource://gre/modules/addons/XPIDatabase.jsm:1409
awaitPromise()@resource://gre/modules/addons/XPIProvider.jsm:186
syncLoadDB()@resource://gre/modules/addons/XPIDatabase.jsm:1291
checkForChanges()@resource://gre/modules/addons/XPIProvider.jsm:2568
startup()@resource://gre/modules/addons/XPIProvider.jsm:2148
callProvider()@resource://gre/modules/AddonManager.jsm:203
_startProvider()@resource://gre/modules/AddonManager.jsm:652
startup()@resource://gre/modules/AddonManager.jsm:805
startup()@resource://gre/modules/AddonManager.jsm:2775
observe()@jar:file:///C:/Program%20Files/Mozilla%20Firefox/omni.ja!/components/addonManager.js:66
1614607652087	addons.xpi-utils	ERROR	Failed to load XPI JSON data from profile: Error: Expected passed argument to contain a path(resource://gre/modules/addons/XPIDatabase.jsm:262:15) JS Stack trace: AddonInternal@XPIDatabase.jsm:262:15
parseDB/<@XPIDatabase.jsm:1348:24
parseDB@XPIDatabase.jsm:1338:13
asyncLoadDB/this._dbPromise<@XPIDatabase.jsm:1409:15
awaitPromise@XPIProvider.jsm:186:3
syncLoadDB@XPIDatabase.jsm:1291:7
checkForChanges@XPIProvider.jsm:2568:9
startup@XPIProvider.jsm:2148:25
callProvider@AddonManager.jsm:203:12
_startProvider@AddonManager.jsm:652:5
startup@AddonManager.jsm:805:9
startup@AddonManager.jsm:2775:5
observe@addonManager.js:66:9
1614607652087	addons.xpi-utils	WARN	Rebuilding add-ons database from installed extensions.
1614607652196	addons.xpi-utils	WARN	Add-on langpack-de@firefox.mozilla.org is not compatible with application version.
1614607652197	addons.xpi-utils	WARN	Add-on langpack-de@firefox.mozilla.org is not compatible with application version.
1614607652197	addons.xpi-utils	WARN	Add-on langpack-de@firefox.mozilla.org is not compatible with application version.
1614607652312	addons.webextension.screenshots@mozilla.org	WARN	Loading extension 'screenshots@mozilla.org': Reading manifest: Invalid extension permission: mozillaAddons
1614607652312	addons.webextension.screenshots@mozilla.org	WARN	Loading extension 'screenshots@mozilla.org': Reading manifest: Invalid extension permission: resource://pdf.js/
1614607652312	addons.webextension.screenshots@mozilla.org	WARN	Loading extension 'screenshots@mozilla.org': Reading manifest: Invalid extension permission: about:reader*
1614607652416	addons.xpi-utils	WARN	Add-on langpack-de@firefox.mozilla.org is not compatible with application version.
1614607652416	addons.xpi-utils	WARN	Add-on langpack-de@firefox.mozilla.org is not compatible with application version.
1614607652416	addons.xpi-utils	WARN	Add-on langpack-de@firefox.mozilla.org is not compatible with application version.
1614607652518	addons.webextension.screenshots@mozilla.org	WARN	Loading extension 'screenshots@mozilla.org': Reading manifest: Invalid extension permission: mozillaAddons
1614607652518	addons.webextension.screenshots@mozilla.org	WARN	Loading extension 'screenshots@mozilla.org': Reading manifest: Invalid extension permission: resource://pdf.js/
1614607652518	addons.webextension.screenshots@mozilla.org	WARN	Loading extension 'screenshots@mozilla.org': Reading manifest: Invalid extension permission: about:reader*
1614607652794	addons.xpi-utils	WARN	Add-on langpack-de@firefox.mozilla.org is not compatible with application version.
console.error: (new Error("Unknown database schema: 2", "resource://services-common/kinto-storage-adapter.js", 223))
console.error: (new Error("Unknown database schema: 2", "resource://services-common/kinto-storage-adapter.js", 223))
console.error: (new Error("Unknown database schema: 2", "resource://services-common/kinto-storage-adapter.js", 223))
JavaScript error: undefined, line 0: Error: An unexpected error occurred
console.error: (new Error("Unknown database schema: 2", "resource://services-common/kinto-storage-adapter.js", 223))
console.error: (new Error("Unknown database schema: 2", "resource://services-common/kinto-storage-adapter.js", 223))
1614607653236	Marionette	INFO	Listening on port 29390
1614607653482	Marionette	WARN	TLS certificate errors will be ignored for this session
JavaScript error: resource://gre/modules/Sqlite.jsm, line 81: Error: Warning: Sqlite connection 'storage-sync.sqlite#0' was not properly closed. Auto-close triggered by garbage collection.

JavaScript error: resource://gre/modules/Sqlite.jsm, line 81: Error: Warning: Sqlite connection 'storage-sync.sqlite#1' was not properly closed. Auto-close triggered by garbage collection.

JavaScript error: resource://gre/modules/Sqlite.jsm, line 81: Error: Warning: Sqlite connection 'storage-sync.sqlite#2' was not properly closed. Auto-close triggered by garbage collection.

JavaScript error: resource://gre/modules/Sqlite.jsm, line 81: Error: Warning: Sqlite connection 'storage-sync.sqlite#3' was not properly closed. Auto-close triggered by garbage collection.

JavaScript error: resource://gre/modules/Sqlite.jsm, line 81: Error: Warning: Sqlite connection 'storage-sync.sqlite#4' was not properly closed. Auto-close triggered by garbage collection.

1614607671379	Marionette	INFO	Stopped listening on port 29390
[Child 37644, Chrome_ChildThread] WARNING: pipe error: 109: file z:/build/build/src/ipc/chromium/src/chrome/common/ipc_channel_win.cc, line 332
[Child 37644, Chrome_Chi[Child 32620, Chrome_ChildThread] WARNING: pipe error: 109: file z:/build/build/src/ipc/chromium/src/chrome/common/ipc_channel_win.cc, line 332
[Child 32620, Chro[Child 23516, Chrome_ChildThread] WARNING: pipe error: 109: file z:/build/build/src/ipc/chromium/src/chrome/common/ipc_channel_win.cc, line 332
[Child 23516, Chrome_ChildThre
###!!! [Child][RunMessage] Error: Channel closing: too late to send/recv, messages will be lost

[GPU 18020, Chrom
###!!! [Child][MessageChannel::SendAndWait] Error: Channel error: cannot send/recv

1614607733724	geckodriver	INFO	Listening on 127.0.0.1:29515
1614607737167	mozrunner::runner	INFO	Running command: "C:\\Program Files\\Mozilla Firefox\\firefox.exe" "--marionette" "-foreground" "-no-remote" "-profile" "C:\\Users\\Morplson\\AppData\\Local\\Temp\\rust_mozprofilejYRrHm"
1614607737369	addons.xpi-utils	WARN	Could not find source bundle for add-on default-theme@mozilla.org: [Exception... "Component returned failure code: 0x80004005 (NS_ERROR_FAILURE) [nsIFile.initWithPath]"  nsresult: "0x80004005 (NS_ERROR_FAILURE)"  location: "JS frame :: resource://gre/modules/addons/XPIDatabase.jsm :: parseDB/< :: line 1340"  data: no] Stack trace: parseDB/<()@resource://gre/modules/addons/XPIDatabase.jsm:1340
parseDB()@resource://gre/modules/addons/XPIDatabase.jsm:1338
asyncLoadDB/this._dbPromise<()@resource://gre/modules/addons/XPIDatabase.jsm:1409
awaitPromise()@resource://gre/modules/addons/XPIProvider.jsm:186
syncLoadDB()@resource://gre/modules/addons/XPIDatabase.jsm:1291
checkForChanges()@resource://gre/modules/addons/XPIProvider.jsm:2568
startup()@resource://gre/modules/addons/XPIProvider.jsm:2148
callProvider()@resource://gre/modules/AddonManager.jsm:203
_startProvider()@resource://gre/modules/AddonManager.jsm:652
startup()@resource://gre/modules/AddonManager.jsm:805
startup()@resource://gre/modules/AddonManager.jsm:2775
observe()@jar:file:///C:/Program%20Files/Mozilla%20Firefox/omni.ja!/components/addonManager.js:66
1614607737369	addons.xpi-utils	ERROR	Failed to load XPI JSON data from profile: Error: Expected passed argument to contain a path(resource://gre/modules/addons/XPIDatabase.jsm:262:15) JS Stack trace: AddonInternal@XPIDatabase.jsm:262:15
parseDB/<@XPIDatabase.jsm:1348:24
parseDB@XPIDatabase.jsm:1338:13
asyncLoadDB/this._dbPromise<@XPIDatabase.jsm:1409:15
awaitPromise@XPIProvider.jsm:186:3
syncLoadDB@XPIDatabase.jsm:1291:7
checkForChanges@XPIProvider.jsm:2568:9
startup@XPIProvider.jsm:2148:25
callProvider@AddonManager.jsm:203:12
_startProvider@AddonManager.jsm:652:5
startup@AddonManager.jsm:805:9
startup@AddonManager.jsm:2775:5
observe@addonManager.js:66:9
1614607737369	addons.xpi-utils	WARN	Rebuilding add-ons database from installed extensions.
1614607737477	addons.xpi-utils	WARN	Add-on langpack-de@firefox.mozilla.org is not compatible with application version.
1614607737477	addons.xpi-utils	WARN	Add-on langpack-de@firefox.mozilla.org is not compatible with application version.
1614607737477	addons.xpi-utils	WARN	Add-on langpack-de@firefox.mozilla.org is not compatible with application version.
1614607737592	addons.webextension.screenshots@mozilla.org	WARN	Loading extension 'screenshots@mozilla.org': Reading manifest: Invalid extension permission: mozillaAddons
1614607737592	addons.webextension.screenshots@mozilla.org	WARN	Loading extension 'screenshots@mozilla.org': Reading manifest: Invalid extension permission: resource://pdf.js/
1614607737592	addons.webextension.screenshots@mozilla.org	WARN	Loading extension 'screenshots@mozilla.org': Reading manifest: Invalid extension permission: about:reader*
1614607737701	addons.xpi-utils	WARN	Add-on langpack-de@firefox.mozilla.org is not compatible with application version.
1614607737701	addons.xpi-utils	WARN	Add-on langpack-de@firefox.mozilla.org is not compatible with application version.
1614607737701	addons.xpi-utils	WARN	Add-on langpack-de@firefox.mozilla.org is not compatible with application version.
1614607737805	addons.webextension.screenshots@mozilla.org	WARN	Loading extension 'screenshots@mozilla.org': Reading manifest: Invalid extension permission: mozillaAddons
1614607737805	addons.webextension.screenshots@mozilla.org	WARN	Loading extension 'screenshots@mozilla.org': Reading manifest: Invalid extension permission: resource://pdf.js/
1614607737805	addons.webextension.screenshots@mozilla.org	WARN	Loading extension 'screenshots@mozilla.org': Reading manifest: Invalid extension permission: about:reader*
1614607738080	addons.xpi-utils	WARN	Add-on langpack-de@firefox.mozilla.org is not compatible with application version.
console.error: (new Error("Unknown database schema: 2", "resource://services-common/kinto-storage-adapter.js", 223))
console.error: (new Error("Unknown database schema: 2", "resource://services-common/kinto-storage-adapter.js", 223))
console.error: (new Error("Unknown database schema: 2", "resource://services-common/kinto-storage-adapter.js", 223))
JavaScript error: undefined, line 0: Error: An unexpected error occurred
console.error: (new Error("Unknown database schema: 2", "resource://services-common/kinto-storage-adapter.js", 223))
console.error: (new Error("Unknown database schema: 2", "resource://services-common/kinto-storage-adapter.js", 223))
1614607738508	Marionette	INFO	Listening on port 29527
1614607738773	Marionette	WARN	TLS certificate errors will be ignored for this session
[Parent 29204, Gecko_IOThread] WARNING: pipe error: 109: file z:/build/build/src/ipc/chromium/src/chrome/common/ipc_channel_win.cc, line 332
JavaScript error: resource://gre/modules/Sqlite.jsm, line 81: Error: Warning: Sqlite connection 'storage-sync.sqlite#0' was not properly closed. Auto-close triggered by garbage collection.

JavaScript error: resource://gre/modules/Sqlite.jsm, line 81: Error: Warning: Sqlite connection 'storage-sync.sqlite#1' was not properly closed. Auto-close triggered by garbage collection.

JavaScript error: resource://gre/modules/Sqlite.jsm, line 81: Error: Warning: Sqlite connection 'storage-sync.sqlite#2' was not properly closed. Auto-close triggered by garbage collection.

JavaScript error: resource://gre/modules/Sqlite.jsm, line 81: Error: Warning: Sqlite connection 'storage-sync.sqlite#3' was not properly closed. Auto-close triggered by garbage collection.

JavaScript error: resource://gre/modules/Sqlite.jsm, line 81: Error: Warning: Sqlite connection 'storage-sync.sqlite#4' was not properly closed. Auto-close triggered by garbage collection.

1614607758959	Marionette	INFO	Stopped listening on port 29527
[Parent 29204, Gecko_IOThread] WARNING: pipe error: 109: file z:/build/build/src/ipc/chromium/src/chrome/common/ipc_channel_win.cc, line 332
[Child 32248, Chrome_ChildThread] WARNING: pipe error: 109: file z:/build/build/src/ipc/chromium/src/chrome/common/ipc_channel_win.cc, line 332
[Child 34608, Chrome_ChildThread] WARNING: pipe error: 109: file z:/build/build/src/ipc/chromium/src/chrome/common/ipc_channel_win.cc, line 332
[Child 34608, Chrome_ChildThread][Parent 29204, Gecko_IOThread] WARNING: pipe error: 109: file z:/build/build/src/ipc/chromium/src/chrome/common/ipc_channel_win.cc, line 332
[Child 35440, Chrome_ChildThread] WARNING: pipe error: 109: file z:/build/build/src/ipc/chromium/src/chrome/common/ipc_channel_win.cc, line 332
[Child 35440, Chrome_ChildThread] W
###!!! [Child][RunMessage] Error: Channel closing: too late to send/recv, messages will be lost

[GPU 30208, Ch
###!!! [Child][MessageChannel::SendAndWait] Error: Channel error: cannot send/recv

1614607764684	geckodriver	INFO	Listening on 127.0.0.1:29591
1614607768120	mozrunner::runner	INFO	Running command: "C:\\Program Files\\Mozilla Firefox\\firefox.exe" "--marionette" "-foreground" "-no-remote" "-profile" "C:\\Users\\Morplson\\AppData\\Local\\Temp\\rust_mozprofilehU9VjZ"
1614607768344	addons.xpi-utils	WARN	Could not find source bundle for add-on default-theme@mozilla.org: [Exception... "Component returned failure code: 0x80004005 (NS_ERROR_FAILURE) [nsIFile.initWithPath]"  nsresult: "0x80004005 (NS_ERROR_FAILURE)"  location: "JS frame :: resource://gre/modules/addons/XPIDatabase.jsm :: parseDB/< :: line 1340"  data: no] Stack trace: parseDB/<()@resource://gre/modules/addons/XPIDatabase.jsm:1340
parseDB()@resource://gre/modules/addons/XPIDatabase.jsm:1338
asyncLoadDB/this._dbPromise<()@resource://gre/modules/addons/XPIDatabase.jsm:1409
awaitPromise()@resource://gre/modules/addons/XPIProvider.jsm:186
syncLoadDB()@resource://gre/modules/addons/XPIDatabase.jsm:1291
checkForChanges()@resource://gre/modules/addons/XPIProvider.jsm:2568
startup()@resource://gre/modules/addons/XPIProvider.jsm:2148
callProvider()@resource://gre/modules/AddonManager.jsm:203
_startProvider()@resource://gre/modules/AddonManager.jsm:652
startup()@resource://gre/modules/AddonManager.jsm:805
startup()@resource://gre/modules/AddonManager.jsm:2775
observe()@jar:file:///C:/Program%20Files/Mozilla%20Firefox/omni.ja!/components/addonManager.js:66
1614607768345	addons.xpi-utils	ERROR	Failed to load XPI JSON data from profile: Error: Expected passed argument to contain a path(resource://gre/modules/addons/XPIDatabase.jsm:262:15) JS Stack trace: AddonInternal@XPIDatabase.jsm:262:15
parseDB/<@XPIDatabase.jsm:1348:24
parseDB@XPIDatabase.jsm:1338:13
asyncLoadDB/this._dbPromise<@XPIDatabase.jsm:1409:15
awaitPromise@XPIProvider.jsm:186:3
syncLoadDB@XPIDatabase.jsm:1291:7
checkForChanges@XPIProvider.jsm:2568:9
startup@XPIProvider.jsm:2148:25
callProvider@AddonManager.jsm:203:12
_startProvider@AddonManager.jsm:652:5
startup@AddonManager.jsm:805:9
startup@AddonManager.jsm:2775:5
observe@addonManager.js:66:9
1614607768345	addons.xpi-utils	WARN	Rebuilding add-ons database from installed extensions.
1614607768455	addons.xpi-utils	WARN	Add-on langpack-de@firefox.mozilla.org is not compatible with application version.
1614607768455	addons.xpi-utils	WARN	Add-on langpack-de@firefox.mozilla.org is not compatible with application version.
1614607768455	addons.xpi-utils	WARN	Add-on langpack-de@firefox.mozilla.org is not compatible with application version.
1614607768568	addons.webextension.screenshots@mozilla.org	WARN	Loading extension 'screenshots@mozilla.org': Reading manifest: Invalid extension permission: mozillaAddons
1614607768568	addons.webextension.screenshots@mozilla.org	WARN	Loading extension 'screenshots@mozilla.org': Reading manifest: Invalid extension permission: resource://pdf.js/
1614607768568	addons.webextension.screenshots@mozilla.org	WARN	Loading extension 'screenshots@mozilla.org': Reading manifest: Invalid extension permission: about:reader*
1614607768675	addons.xpi-utils	WARN	Add-on langpack-de@firefox.mozilla.org is not compatible with application version.
1614607768675	addons.xpi-utils	WARN	Add-on langpack-de@firefox.mozilla.org is not compatible with application version.
1614607768676	addons.xpi-utils	WARN	Add-on langpack-de@firefox.mozilla.org is not compatible with application version.
1614607768783	addons.webextension.screenshots@mozilla.org	WARN	Loading extension 'screenshots@mozilla.org': Reading manifest: Invalid extension permission: mozillaAddons
1614607768783	addons.webextension.screenshots@mozilla.org	WARN	Loading extension 'screenshots@mozilla.org': Reading manifest: Invalid extension permission: resource://pdf.js/
1614607768783	addons.webextension.screenshots@mozilla.org	WARN	Loading extension 'screenshots@mozilla.org': Reading manifest: Invalid extension permission: about:reader*
1614607769072	addons.xpi-utils	WARN	Add-on langpack-de@firefox.mozilla.org is not compatible with application version.
console.error: (new Error("Unknown database schema: 2", "resource://services-common/kinto-storage-adapter.js", 223))
console.error: (new Error("Unknown database schema: 2", "resource://services-common/kinto-storage-adapter.js", 223))
console.error: (new Error("Unknown database schema: 2", "resource://services-common/kinto-storage-adapter.js", 223))
JavaScript error: undefined, line 0: Error: An unexpected error occurred
console.error: (new Error("Unknown database schema: 2", "resource://services-common/kinto-storage-adapter.js", 223))
console.error: (new Error("Unknown database schema: 2", "resource://services-common/kinto-storage-adapter.js", 223))
1614607769512	Marionette	INFO	Listening on port 29602
1614607769744	Marionette	WARN	TLS certificate errors will be ignored for this session
JavaScript error: resource://gre/modules/Sqlite.jsm, line 81: Error: Warning: Sqlite connection 'storage-sync.sqlite#0' was not properly closed. Auto-close triggered by garbage collection.

JavaScript error: resource://gre/modules/Sqlite.jsm, line 81: Error: Warning: Sqlite connection 'storage-sync.sqlite#1' was not properly closed. Auto-close triggered by garbage collection.

JavaScript error: resource://gre/modules/Sqlite.jsm, line 81: Error: Warning: Sqlite connection 'storage-sync.sqlite#2' was not properly closed. Auto-close triggered by garbage collection.

JavaScript error: resource://gre/modules/Sqlite.jsm, line 81: Error: Warning: Sqlite connection 'storage-sync.sqlite#3' was not properly closed. Auto-close triggered by garbage collection.

JavaScript error: resource://gre/modules/Sqlite.jsm, line 81: Error: Warning: Sqlite connection 'storage-sync.sqlite#4' was not properly closed. Auto-close triggered by garbage collection.

1614607790916	Marionette	INFO	Stopped listening on port 29602
[[Parent 32156, Gecko_IOThread] WARNING: pipe error: 109: file z:/build/build/src/ipc/chromium/src/chrome/common/ipc_channel_win.cc, line 332
[Child 32272, Chrome_ChildThread] WARNING: pipe error: 109: file z:/build/build/src/ipc/chromium/src/chrome/common/ipc_channel_win.cc, line 332
[Child 32272, Chrome_ChildThread] [Child 33652, Chrome_ChildThread] WARNING: pipe error: 109: file z:/build/build/src/ipc/chromium/src/chrome/common/ipc_channel_win.cc, line 332
[Child 33652, Chrome_Ch
###!!! [Child][RunMessage] Error: Channel closing: too late to send/recv, messages will be lost

[GPU 34216, C
###!!! [Child][MessageChannel::SendAndWait] Error: Channel error: cannot send/recv

1614607890675	geckodriver	INFO	Listening on 127.0.0.1:29799
1614607895232	mozrunner::runner	INFO	Running command: "C:\\P1614607895233	mozrunner::runner	INFO	Running command: "C:\\Program Files\\Mozilla Firefox\\firefox.exe" "--marionette" "-foreground" "-no-remote" "-profile" "C:\\Us1614607896619	addons.xpi-utils	WARN	Could not find source bu1614607896621	addons.xpi-utils	WARN	Could not find source bundle for add-on default-theme@mozilla.org: [Exception... "Component returned failure code: 0x80004005 (NS_ERROR_FAILURE) [nsIFile.initWithPath]"  nsresult: "0x80004005 (NS_ERROR_FAILURE)"  location: "JS frame :: resource://gre/modules/addons/XPIDatabase.jsm :: parseDB/< :: line 1340"  data: no] Stack trace: parseDB/<()@resource://gre/modules/addons/XPIDatabase.jsm:1340
parseDB()@resource://gre/modules/addons/XPIDatabase.jsm:1338
asyncLoadDB/this._dbPromise<()@resource://gre/modules/addons/XPIDatabase.jsm:1409
awaitPromise()@resource://gre/modules/addons/XPIProvider.jsm:186
syncLoadDB()@resource://gre/modules/addons/XPIDatabase.jsm:1291
checkForChanges()@resource://gre/modules/addons/XPIProvider.jsm:2568
startup()@resource://gre/modules/addons/XPIProvider.jsm:2148
callProvider()@resource://gre/modules/AddonManager.jsm:203
_startProvider()@resource://gre/modules/AddonManager.jsm:652
startup()@resource://gre/modules/AddonManager.jsm:805
startup()@resource://gre/modules/AddonManager.jsm:2775
observe()@jar:file:///C:/Program%20Files/Mozilla%20Firefox/omni.ja!/components/addonManager.js:66
1614607896621	addons.xpi-utils	ERROR	Failed to load XPI JSON data from profile: Error: Expected passed argument to contain a path(resource://gre/modules/addons/XPIDatabase.jsm:262:15) JS Stack trace: AddonInternal@XPIDatabase.jsm:262:15
parseDB/<@XPIDatabase.jsm:1348:24
parseDB@XPIDatabase.jsm:1338:13
asyncLoadDB/this._dbPromise<@XPIDatabase.jsm:1409:15
awaitPromise@XPIProvider.jsm:186:3
syncLoadDB@XPIDatabase.jsm:1291:7
checkForChanges@XPIProvider.jsm:2568:9
startup@XPIProvider.jsm:2148:25
callProvider@AddonManager.jsm:203:12
_startProvider@AddonManager.jsm:652:5
startup@AddonManager.jsm:805:9
startup@AddonManager.jsm:2775:5
observe@addonManager.js:66:9
1614607896622	addons.xpi-utils	W1614607896790	addons.xpi-utils	WARN	Add-on langpack-de@firef1614607896794	addons.xpi-utils	WARN	Add-on langpack-de@firefox.mozilla.org is not compatible with application version.
1614607896794	addons.xpi-utils	WARN	Add-on langpack-de@firefox.mozilla.org is not compatible with application version.
1614607896794	addons.xpi-utils	WARN	Add-on langpack-de@firef1614607896950	addons.webextension.screenshots@mozilla.org	WA1614607896955	addons.webextension.screenshots@mozilla.org	WARN	Loading extension 'screenshots@mozilla.org': Reading manifest: Invalid extension permission: mozillaAddons
1614607896955	addons.webextension.screenshots@mozilla.org	WARN	Loading extension 'screenshots@mozilla.org': Reading manifest: Invalid extension permission: resource://pdf.js/
1614607896956	addons.webextension.screenshots@mozilla.org	WARN	Loading extension 'screenshots@mozilla.org': Rea1614607897125	addons.xpi-utils	WARN	Add-on langpack-de@firefox.mozilla.org is not compatible with application version.
1614607897125	addons.xpi-utils	WARN	Add-on langpack-de@firefox.mozilla.org is not compatible with application version.
1614607897126	addons.xpi-utils	WARN	Add-on langpack-de@firefox.mozilla.org is not compatible with application version.
1614607897350	addons.webextension.screenshots@mozilla.org	WARN	Loading extension 'screenshots@mozilla.org': Reading manifest: Invalid extension permission: mozillaAddons
1614607897351	addons.webextension.screenshots@mozilla.org	WARN	Loading extension 'screenshots@mozilla.org': Reading manifest: Invalid extension permission: resource://pdf.js/
1614607897351	addons.webextension.screenshots@mozilla.org	WARN	Loading extension 'screenshots@mozilla.org': Reading manifest: Invalid extension permission: about:reader*
1614607898767	addons.xpi-utils	WARN	Add-on langpack-de@firefox.mozilla.org is not compatible with application version.
1614607899420	Marionette	INFO	Listening on port 29900
161461614607899664	Marionette	INFO	Listening on port 29901
1614607900174	Marionette	WAconsole.error: (new Error("Unknown database schema: 2", "resource://services-common/kinto-storage-adapter.js", 223))
console.error: (new Error("Unknown database schema: 2", "resource://services-common/kinto-storage-adapter.js", 223))
console.error: (new Error("Unknown database schema: 2", "resource://services-common/kinto-storage-adapter.js", 223))
JavaScript error: undefined, line 0: Error: An unexpected error occurred
console.error: (new Error("Unknown database schema: 2", "resource://services-common/kinto-storage-adapter.js", 223))
console.error: (new Error("Unknown database schema: 2", "resource://services-common/kinto-storage-adapter.js", 223))
JavaScript error: resource://gre/modules/Sqlite.jsm, line 81JavaScript error: resource://gre/modules/Sqlite.jsm, line 81: Error: Warning: Sqlite connection 'storage-sync.sqlite#0' was not properly closed. Auto-close triggered by garbage collection.

JavaScript error: resource://gre/modules/Sqlite.jsm, line 81: Error: Warning: Sqlite connection 'storage-sync.sqlite#1' was not properly closed. Auto-close triggered by garbage collection.

JavaScript error: resource://gre/modules/Sqlite.jsm, line 81: Error: Warning: Sqlite connection 'storage-sync.sqlite#2' was not properly closed. Auto-close triggered by garbage collection.

JavaScript error: resource://gre/modules/Sqlite.jsm, line 81: Error: Warning: Sqlite connection 'storage-sync.sqlite#3' was not properly closed. Auto-close triggered by garbage collection.

JavaScript error: resource://gre/modules/Sqlite.jsm, line 81: Error: Warning: Sqlite connection 'storage-sync.sqlite#4' was not prop1614607914958	Marionette	INFO	Stopped listening on port 29900
[Parent 30008, Gecko_IOThread] WARNING: pipe error: 109: file z:/build/build/1614607915625	Marionette	INFO	Stopped listening on port 29899
[Child 40932, Chrome_ChildThread] WARNING: pipe error: 109: file z:/build/build/src/ipc/chromium/src/chrome/common/ipc_channel_win.cc, line 332
[Child 40932, Chrome_ChildTh[Parent 36684, Gecko_IOThread] WARNING: pipe error: 109: file z:/build/build/src/ipc/chromium/src/chrome/common/ipc_channel_win.cc, line 332
[Child 41524, Chrome_ChildThread] WARNING: pipe error: 109: file z:/build/build/src/ipc/chromium/src/chrome/common/ipc_channel_win.cc, line 332
[Child 41524, Chrome_Child[Parent 36684, Gecko_IOThread] WARNING: pipe error: 109: file z:/build/build/src/ipc/chromium/src/chrome/common/ipc_channel_win.cc, line 332

###!!! [Child][MessageChannel::SendAndWait] Error: Channel error: cannot send/recv

Channel closing: too late to send/recv, messages will be lost

[GPU 37976, Chr
###!!! [Child][MessageChannel::SendAndWait] Error: Channel error: cannot send/recv

/recv, messages will be lost

[GPU 31876, Chro
###!!! [Child][MessageChannel::SendAndWait] Error: Channel error: cannot send/recv

1614607916232	geckodriver	INFO	Listening on 127.0.0.1:30284
1614607920417	mozrunner::runner	INFO	Running command: "C:\\Program Files\\Mozilla Firefox\\firefox.exe" "--marionette" "-foreground" "-no-remote" "-profile" "C:\\Users\\Morplson\\AppData\\Local\\Temp\\rust_mozprofilemz8AdK"
1614607921306	addons.xpi-utils	WARN	Could not find source bundle for add-on default-theme@mozilla.org: [Exception... "Component returned failure code: 0x80004005 (NS_ERROR_FAILURE) [nsIFile.initWithPath]"  nsresult: "0x80004005 (NS_ERROR_FAILURE)"  location: "JS frame :: resource://gre/modules/addons/XPIDatabase.jsm :: parseDB/< :: line 1340"  data: no] Stack trace: parseDB/<()@resource://gre/modules/addons/XPIDatabase.jsm:1340
parseDB()@resource://gre/modules/addons/XPIDatabase.jsm:1338
asyncLoadDB/this._dbPromise<()@resource://gre/modules/addons/XPIDatabase.jsm:1409
awaitPromise()@resource://gre/modules/addons/XPIProvider.jsm:186
syncLoadDB()@resource://gre/modules/addons/XPIDatabase.jsm:1291
checkForChanges()@resource://gre/modules/addons/XPIProvider.jsm:2568
startup()@resource://gre/modules/addons/XPIProvider.jsm:2148
callProvider()@resource://gre/modules/AddonManager.jsm:203
_startProvider()@resource://gre/modules/AddonManager.jsm:652
startup()@resource://gre/modules/AddonManager.jsm:805
startup()@resource://gre/modules/AddonManager.jsm:2775
observe()@jar:file:///C:/Program%20Files/Mozilla%20Firefox/omni.ja!/components/addonManager.js:66
1614607921306	addons.xpi-utils	ERROR	Failed to load XPI JSON data from profile: Error: Expected passed argument to contain a path(resource://gre/modules/addons/XPIDatabase.jsm:262:15) JS Stack trace: AddonInternal@XPIDatabase.jsm:262:15
parseDB/<@XPIDatabase.jsm:1348:24
parseDB@XPIDatabase.jsm:1338:13
asyncLoadDB/this._dbPromise<@XPIDatabase.jsm:1409:15
awaitPromise@XPIProvider.jsm:186:3
syncLoadDB@XPIDatabase.jsm:1291:7
checkForChanges@XPIProvider.jsm:2568:9
startup@XPIProvider.jsm:2148:25
callProvider@AddonManager.jsm:203:12
_startProvider@AddonManager.jsm:652:5
startup@AddonManager.jsm:805:9
startup@AddonManager.jsm:2775:5
observe@addonManager.js:66:9
1614607921307	addons.xpi-utils	WARN	Rebuilding add-ons database from installed extensions.
1614607921493	addons.xpi-utils	WARN	Add-on langpack-de@firefox.mozilla.org is not compatible with application version.
1614607921493	addons.xpi-utils	WARN	Add-on langpack-de@firefox.mozilla.org is not compatible with application version.
1614607921493	addons.xpi-utils	WARN	Add-on langpack-de@firefox.mozilla.org is not compatible with application version.
1614607921739	addons.webextension.screenshots@mozilla.org	WARN	Loading extension 'screenshots@mozilla.org': Reading manifest: Invalid extension permission: mozillaAddons
1614607921740	addons.webextension.screenshots@mozilla.org	WARN	Loading extension 'screenshots@mozilla.org': Reading manifest: Invalid extension permission: resource://pdf.js/
1614607921740	addons.webextension.screenshots@mozilla.org	WARN	Loading extension 'screenshots@mozilla.org': Reading manifest: Invalid extension permission: about:reader*
1614607922082	addons.xpi-utils	WARN	Add-on langpack-de@firefox.mozilla.org is not compatible with application version.
1614607922082	addons.xpi-utils	WARN	Add-on langpack-de@firefox.mozilla.org is not compatible with application version.
1614607922083	addons.xpi-utils	WARN	Add-on langpack-de@firefox.mozilla.org is not compatible with application version.
1614607922541	addons.webextension.screenshots@mozilla.org	WARN	Loading extension 'screenshots@mozilla.org': Reading manifest: Invalid extension permission: mozillaAddons
1614607922541	addons.webextension.screenshots@mozilla.org	WARN	Loading extension 'screenshots@mozilla.org': Reading manifest: Invalid extension permission: resource://pdf.js/
1614607922541	addons.webextension.screenshots@mozilla.org	WARN	Loading extension 'screenshots@mozilla.org': Reading manifest: Invalid extension permission: about:reader*
1614607923663	addons.xpi-utils	WARN	Add-on langpack-de@firefox.mozilla.org is not compatible with application version.
1614607924159	Marionette	INFO	Listening on port 30382
1614607924225	Marionette	WARN	TLS certificate errors will be ignored for this session
console.error: (new Error("Unknown database schema: 2", "resource://services-common/kinto-storage-adapter.js", 223))
console.error: (new Error("Unknown database schema: 2", "resource://services-common/kinto-storage-adapter.js", 223))
console.error: (new Error("Unknown database schema: 2", "resource://services-common/kinto-storage-adapter.js", 223))
JavaScript error: undefined, line 0: Error: An unexpected error occurred
console.error: (new Error("Unknown database schema: 2", "resource://services-common/kinto-storage-adapter.js", 223))
console.error: (new Error("Unknown database schema: 2", "resource://services-common/kinto-storage-adapter.js", 223))
JavaScript error: resource://gre/modules/Sqlite.jsm, line 81: Error: Warning: Sqlite connection 'storage-sync.sqlite#0' was not properly closed. Auto-close triggered by garbage collection.

JavaScript error: resource://gre/modules/Sqlite.jsm, line 81: Error: Warning: Sqlite connection 'storage-sync.sqlite#1' was not properly closed. Auto-close triggered by garbage collection.

JavaScript error: resource://gre/modules/Sqlite.jsm, line 81: Error: Warning: Sqlite connection 'storage-sync.sqlite#2' was not properly closed. Auto-close triggered by garbage collection.

JavaScript error: resource://gre/modules/Sqlite.jsm, line 81: Error: Warning: Sqlite connection 'storage-sync.sqlite#3' was not properly closed. Auto-close triggered by garbage collection.

JavaScript error: resource://gre/modules/Sqlite.jsm, line 81: Error: Warning: Sqlite connection 'storage-sync.sqlite#4' was not properly closed. Auto-close triggered by garbage collection.

1614607942785	Marionette	INFO	Stopped listening on port 30382
[Parent 48444, Gecko_IOThread] WARNING: pipe error: 109: file z:/build/build/src/ipc/chromium/src/chrome/common/ipc_channel_win.cc, line 332
[Child 37272, Chrome_ChildThread] WARNING: pipe error: 109: file z:/build/build/src/ipc/chromium/src/chrome/common/ipc_channel_win.cc, line 332
[Child 37272, Chrome_ChildThread] WARNING: pipe error: 109: file z:/build/build/s[Parent 48444, Gecko_IOThread] WARNING: pipe error: 109: file z:/build/build/src/ipc/chromium/src/chrome/common/ipc_channel_win.cc, line 332

###!!! [Child][RunMessage] Error: Channel closing: too late to send/recv, messages will be lost

[GPU 29940, Chrome_Child
###!!! [Child][MessageChannel::SendAndWait] Error: Channel error: cannot send/recv

 Channel closing: too late to send/recv, messages will be lost

[GPU 46416, Chrome_Chil
###!!! [Child][MessageChannel::SendAndWait] Error: Channel error: cannot send/recv

sages will be lost

[GPU 47284, Chrome_Chil
###!!! [Child][MessageChannel::SendAndWait] Error: Channel error: cannot send/recv

1614607943399	geckodriver	INFO	Listening on 127.0.0.1:30746
1614607947338	mozrunner::runner	INFO	Running command: "C:\\P1614607947550	mozrunner::runner	INFO	Running command: "C:\\Program Files\\Mozilla Firefox\\firefox.exe" "--marionette" "-foreground" "-no-remote" "-profile" "C:\\Us1614607948247	addons.xpi-utils	WARN	Could not find source bu1614607948292	addons.xpi-utils	WARN	Could not find source bundle for add-on default-theme@mozilla.org: [Exception... "Component returned failure code: 0x80004005 (NS_ERROR_FAILURE) [nsIFile.initWithPath]"  nsresult: "0x80004005 (NS_ERROR_FAILURE)"  location: "JS frame :: resource://gre/modules/addons/XPIDatabase.jsm :: parseDB/< :: line 1340"  data: no] Stack trace: parseDB/<()@resource://gre/modules/addons/XPIDatabase.jsm:1340
parseDB()@resource://gre/modules/addons/XPIDatabase.jsm:1338
asyncLoadDB/this._dbPromise<()@resource://gre/modules/addons/XPIDatabase.jsm:1409
awaitPromise()@resource://gre/modules/addons/XPIProvider.jsm:186
syncLoadDB()@resource://gre/modules/addons/XPIDatabase.jsm:1291
checkForChanges()@resource://gre/modules/addons/XPIProvider.jsm:2568
startup()@resource://gre/modules/addons/XPIProvider.jsm:2148
callProvider()@resource://gre/modules/AddonManager.jsm:203
_startProvider()@resource://gre/modules/AddonManager.jsm:652
startup()@resource://gre/modules/AddonManager.jsm:805
startup()@resource://gre/modules/AddonManager.jsm:2775
observe()@jar:file:///C:/Program%20Files/Mozilla%20Firefox/omni.ja!/components/addonManager.js:66
1614607948293	addons.xpi-utils	ERROR	Failed to load XPI JSON data from profile: Error: Expected passed argument to contain a path(resource://gre/modules/addons/XPIDatabase.jsm:262:15) JS Stack trace: AddonInternal@XPIDatabase.jsm:262:15
parseDB/<@XPIDatabase.jsm:1348:24
parseDB@XPIDatabase.jsm:1338:13
asyncLoadDB/this._dbPromise<@XPIDatabase.jsm:1409:15
awaitPromise@XPIProvider.jsm:186:3
syncLoadDB@XPIDatabase.jsm:1291:7
checkForChanges@XPIProvider.jsm:2568:9
startup@XPIProvider.jsm:2148:25
callProvider@AddonManager.jsm:203:12
_startProvider@AddonManager.jsm:652:5
startup@AddonManager.jsm:805:9
startup@AddonManager.jsm:2775:5
observe@addonManager.js:66:9
1614607948293	addons.xpi-utils	W1614607948454	addons.xpi-utils	WARN	Add-on langpack-de@firef1614607948465	addons.xpi-utils	WARN	Add-on langpack-de@firefox.mozilla.org is not compatible with application version.
1614607948465	addons.xpi-utils	WARN	Add-on langpack-de@firefox.mozilla.org is not compatible with application version.
1614607948465	addons.xpi-utils	WARN	Add-on langpack-de@firef1614607948637	addons.webextension.screenshots@mozilla.org	WA1614607948646	addons.webextension.screenshots@mozilla.org	WARN	Loading extension 'screenshots@mozilla.org': Reading manifest: Invalid extension permission: mozillaAddons
1614607948646	addons.webextension.screenshots@mozilla.org	WARN	Loading extension 'screenshots@mozilla.org': Reading manifest: Invalid extension permission: resource://pdf.js/
1614607948647	addons.webextension.screenshots@mozilla.org	WARN	Loading extension 'screenshots@mozilla.org': Rea1614607948886	addons.xpi-utils	WARN	Add-on langpack-de@firef1614607948942	addons.xpi-utils	WARN	Add-on langpack-de@firefox.mozilla.org is not compatible with application version.
1614607948942	addons.xpi-utils	WARN	Add-on langpack-de@firefox.mozilla.org is not compatible with application version.
1614607948943	addons.xpi-utils	WARN	Add-on langpack-de@firef1614607949151	addons.webextension.screenshots@mozilla.org	WA1614607949177	addons.webextension.screenshots@mozilla.org	WARN	Loading extension 'screenshots@mozilla.org': Reading manifest: Invalid extension permission: mozillaAddons
1614607949177	addons.webextension.screenshots@mozilla.org	WARN	Loading extension 'screenshots@mozilla.org': Reading manifest: Invalid extension permission: resource://pdf.js/
1614607949177	addons.webextension.screenshots@mozilla.org	WARN	Loading extension 'screenshots@mozilla.org': Rea1614607950136	addons.xpi-utils	WARN	Add-on langpack-de@firef1614607950538	addons.xpi-utils	WARN	Add-on langpack-de@firef1614607951153	Marionette	INFO	Listening on port 30840
1614607951174	Marionette	WARN	TLS certificate errors will be1614607951192	Marionette	WAconsole.error: (new Error("Unknown database schema: 2", "resconsole.error: (new Error("Unknown database schema: 2", "resource://services-common/kinto-storage-adapter.js", 223))
console.error: (new Error("Unknown database schema: 2", "resource://services-common/kinto-storage-adapter.js", 223))
console.error: (new Error("Unknown database schema: 2", "resource://services-common/kinto-storage-adapter.js", 223))
JavaScript error: undefined, line 0: Error: An unexpected error occurred
console.error: (new Error("Unknown database schema: 2", "resource://services-common/kinto-storage-adapter.js", 223))
console.error: (new Error("Unknown database schema: 2", "rJavaScript error: resource://gre/modules/Sqlite.jsm, line 81: Error: Warning: Sqlite connection 'storage-sync.sqlite#0' was not properly closed. Auto-close triggered by garbage collection.

JavaScript error: resource://gre/modules/Sqlite.jsm, line 81: Error: Warning: Sqlite connection 'storage-sync.sqlite#1' was not properly closed. Auto-close triggered by garbage collection.

JavaScript error: resource://gre/modules/Sqlite.jsm, line 81: Error: Warning: Sqlite connection 'storage-sync.sqlite#2' was not properly closed. Auto-close triggered by garbage collection.

JavaScript error: resource://gre/modules/Sqlite.jsm, line 81: Error: Warning: Sqlite connection 'storage-sync.sqlite#3' was not properly closed. Auto-close triggered by garbage collection.

JavaScript error: resource://gre/modules/Sqlite.jsm, line 81: Error: Warning: Sqlite connection 'storage-sync.sqlite#4' was not properly closed. Auto-close triggered by garbage collection.

1614607972396	Marionette	INFO	Stopped listening on port 30841614607975891	Marionette	INFO	Stopped listening on port 30843
[Parent 39836, Gecko_IOThread] WARNING: pipe error: 109: file z:/build/build/src/ipc/chromium/src/chrome/common/ipc_channel_win.cc, line 332
[Child 42836, Chrome_ChildThread] WARNING: pipe error: 109: file z:/build/bui1614607978477	Marionette	INFO	Stopped listening on port 30857
[[Parent 48884, Gecko_IOThread] WARNING: pipe error: 109: file z:/build/build/src/ipc/chromium/src/chrome/common/ipc_channel_win.cc, line 332
[Child 44804, Chrome_ChildThread] WARNING: pipe error: 109: file z:/build/build/src/ipc/chromium/src/chrome/common/ipc_channel_win.cc, line 332
[Child 44804, Chrome_ChildThread] [Parent 48884, Gecko_IOThread] WARNING: pipe error: 109: file z:/build/build/src/ipc/chromium/src/chrome/common/ipc_channel_win.cc, line 332
[Child 44260, Chrome_ChildThread] WARNING: pipe error: 109: file z:/build/build/src/ipc/chromium/src/chrome/common/ipc_channel_win.cc, line 332
[Child 44260, Chrome_ChildThread] WARNING: p
###!!! [Child][RunMessage] Error: Channel closing: too late to send/recv, messages will be lost

[GPU 31160, Chr
###!!! [Child][MessageChannel::SendAndWait] Error: Channel error: cannot send/recv

1614607979074	geckodriver	INFO	Listening on 127.0.0.1:31251
1614607982987	mozrunner::runner	INFO	Running command: "C:\\P1614607983294	mozrunner::runner	INFO	Running command: "C:\\Program Files\\Mozilla Firefox\\firefox.exe" "--marionette" "-foreground" "-no-remote" "-profile" "C:\\Us1614607983685	addons.xpi-utils	WARN	Could not find source bu1614607984169	addons.xpi-utils	WARN	Could not find source bundle for add-on default-theme@mozilla.org: [Exception... "Component returned failure code: 0x80004005 (NS_ERROR_FAILURE) [nsIFile.initWithPath]"  nsresult: "0x80004005 (NS_ERROR_FAILURE)"  location: "JS frame :: resource://gre/modules/addons/XPIDatabase.jsm :: parseDB/< :: line 1340"  data: no] Stack trace: parseDB/<()@resource://gre/modules/addons/XPIDatabase.jsm:1340
parseDB()@resource://gre/modules/addons/XPIDatabase.jsm:1338
asyncLoadDB/this._dbPromise<()@resource://gre/modules/addons/XPIDatabase.jsm:1409
awaitPromise()@resource://gre/modules/addons/XPIProvider.jsm:186
syncLoadDB()@resource://gre/modules/addons/XPIDatabase.jsm:1291
checkForChanges()@resource://gre/modules/addons/XPIProvider.jsm:2568
startup()@resource://gre/modules/addons/XPIProvider.jsm:2148
callProvider()@resource://gre/modules/AddonManager.jsm:203
_startProvider()@resource://gre/modules/AddonManager.jsm:652
startup()@resource://gre/modules/AddonManager.jsm:805
startup()@resource://gre/modules/AddonManager.jsm:2775
observe()@jar:file:///C:/Program%20Files/Mozilla%20Firefox/omni.ja!/components/addonManager.js:66
1614607984170	addons.xpi-utils	ERROR	Failed to load XPI JSON data from profile: Error: Expected passed argument to contain a path(resource://gre/modules/addons/XPIDatabase.jsm:262:15) JS Stack trace: AddonInternal@XPIDatabase.jsm:262:15
parseDB/<@XPIDatabase.jsm:1348:24
parseDB@XPIDatabase.jsm:1338:13
asyncLoadDB/this._dbPromise<@XPIDatabase.jsm:1409:15
awaitPromise@XPIProvider.jsm:186:3
syncLoadDB@XPIDatabase.jsm:1291:7
checkForChanges@XPIProvider.jsm:2568:9
startup@XPIProvider.jsm:2148:25
callProvider@AddonManager.jsm:203:12
_startProvider@AddonManager.jsm:652:5
startup@AddonManager.jsm:805:9
startup@AddonManager.jsm:2775:5
observe@addonManager.js:66:9
1614607984170	addons.xpi-utils	WARN	Rebuilding add-ons database from installed extensions.
1614607984379	addons.xpi-utils	WARN	Add-on langpack-de@firefox.mozilla.org is not compatible with application version.
1614607984379	addons.xpi-utils	WARN	Add-on langpack-de@firefox.mozilla.org is not compatible with application version.
1614607984380	addons.xpi-utils	WARN	Add-on langpack-de@firefox.mozilla.org is not compatible with application version.
1614607984599	addons.webextension.screenshots@mozilla.org	WARN	Loading extension 'screenshots@mozilla.org': Reading manifest: Invalid extension permission: mozillaAddons
1614607984599	addons.webextension.screenshots@mozilla.org	WARN	Loading extension 'screenshots@mozilla.org': Reading manifest: Invalid extension permission: resource://pdf.js/
1614607984600	addons.webextension.screenshots@mozilla.org	WARN	Loading extension 'screenshots@mozilla.org': Reading manifest: Invalid extension permission: about:reader*
1614607984815	addons.xpi-utils	WARN	Add-on langpack-de@firefox.mozilla.org is not compatible with application version.
1614607984815	addons.xpi-utils	WARN	Add-on langpack-de@firefox.mozilla.org is not compatible with application version.
1614607984816	addons.xpi-utils	WARN	Add-on langpack-de@firefox.mozilla.org is not compatible with application version.
1614607985098	addons.webextension.screenshots@mozilla.org	WARN	Loading extension 'screenshots@mozilla.org': Reading manifest: Invalid extension permission: mozillaAddons
1614607985098	addons.webextension.screenshots@mozilla.org	WARN	Loading extension 'screenshots@mozilla.org': Reading manifest: Invalid extension permission: resource://pdf.js/
1614607985098	addons.webextension.screenshots@mozilla.org	WARN	Loading extension 'screenshots@mozilla.org': Reading manifest: Invalid extension permission: about:reader*
1614607986886	addons.xpi-utils	WARN	Add-on langpack-de@firefox.mozilla.org is not compatible with application version.
1614607987578	Marionette	INFO	Listening on port 31353
1614607987875	Marionette	WARN	TLS certificate errors will be ignored for this session
console.error: (new Error("Unknown database schema: 2", "resource://services-common/kinto-storage-adapter.js", 223))
console.error: (new Error("Unknown database schema: 2", "resource://services-common/kinto-storage-adapter.js", 223))
console.error: (new Error("Unknown database schema: 2", "resource://services-common/kinto-storage-adapter.js", 223))
JavaScript error: undefined, line 0: Error: An unexpected error occurred
console.error: (new Error("Unknown database schema: 2", "resource://services-common/kinto-storage-adapter.js", 223))
console.error: (new Error("Unknown database schema: 2", "resource://services-common/kinto-storage-adapter.js", 223))
JavaScript error: resource://gre/modules/Sqlite.jsm, line 81: Error: Warning: Sqlite connection 'storage-sync.sqlite#0' was not properly closed. Auto-close triggered by garbage collection.

JavaScript error: resource://gre/modules/Sqlite.jsm, line 81: Error: Warning: Sqlite connection 'storage-sync.sqlite#1' was not properly closed. Auto-close triggered by garbage collection.

JavaScript error: resource://gre/modules/Sqlite.jsm, line 81: Error: Warning: Sqlite connection 'storage-sync.sqlite#2' was not properly closed. Auto-close triggered by garbage collection.

JavaScript error: resource://gre/modules/Sqlite.jsm, line 81: Error: Warning: Sqlite connection 'storage-sync.sqlite#3' was not properly closed. Auto-close triggered by garbage collection.

JavaScript error: resource://gre/modules/Sqlite.jsm, line 81: Error: Warning: Sqlite connection 'storage-sync.sqlite#4' was not properly closed. Auto-close triggered by garbage collection.

1614608001950	Marionette	INFO	Stopped listening on port 31353
[Parent 44688, Gecko_IOThread] WARNING: pipe error: 109: file z:/build/build/src/ipc/chromium/src/chrome/common/ipc_channel_win.cc, line 332
[Child 48468, Chrome_ChildThread] WARNING: pipe error: 109: file z:/build/build/src/ipc/chromium/src/chrome/common/ipc_channel_win.cc, line 332
[Child 48468, Chrome_ChildThread[Parent 44688, Gecko_IOThread] WARNING: pipe error: 109: file z:/build/build/src/ipc/chromium/src/chrome/common/ipc_channel_win.cc, line 332
[Child 43060, Chrome_ChildThread] WARNING: pipe e
###!!! [Child][RunMessage] Error: Channel closing: too late to send/recv, messages will be lost

[GPU 45008, C
###!!! [Child][MessageChannel::SendAndWait] Error: Channel error: cannot send/recv

/build/build/src/ipc/chromium/src/chrome/common/ipc_channel_win.cc, line 332
[Ch
###!!! [Child][RunMessage] Error: Channel closing: too late to send/recv, messages will be lost

[GPU 3732, Chrome_ChildThread] WA
###!!! [Child][MessageChannel::SendAndWait] Error: Channel error: cannot send/recv

ror: Channel closing: too late to send/recv, messages will be lost

[GPU 43288, Chrome_ChildThrea
###!!! [Child][MessageChannel::SendAndWait] Error: Channel error: cannot send/recv

common/ipc_channel_win.cc, line 332
[Child 48576, 
###!!! [Child][RunMessage] Error: Channel closing: too late to send/recv, messages will be lost

[GPU 38752, Chrom
###!!! [Child][MessageChannel::SendAndWait] Error: Channel error: cannot send/recv

1614608002556	geckodriver	INFO	Listening on 127.0.0.1:31663
1614608006544	mozrunner::runner	INFO	Running command: "C:\\P1614608006765	mozrunner::runner	INFO	Running command: "C:\\Program Files\\Mozilla Firefox\\firefox.exe" "--marionette" "-foreground" "-no-remote" "-profile" "C:\\Us1614608007248	addons.xpi-utils	WARN	Could not find source bu1614608007611	addons.xpi-utils	WARN	Could not find source bundle for add-on default-theme@mozilla.org: [Exception... "Component returned failure code: 0x80004005 (NS_ERROR_FAILURE) [nsIFile.initWithPath]"  nsresult: "0x80004005 (NS_ERROR_FAILURE)"  location: "JS frame :: resource://gre/modules/addons/XPIDatabase.jsm :: parseDB/< :: line 1340"  data: no] Stack trace: parseDB/<()@resource://gre/modules/addons/XPIDatabase.jsm:1340
parseDB()@resource://gre/modules/addons/XPIDatabase.jsm:1338
asyncLoadDB/this._dbPromise<()@resource://gre/modules/addons/XPIDatabase.jsm:1409
awaitPromise()@resource://gre/modules/addons/XPIProvider.jsm:186
syncLoadDB()@resource://gre/modules/addons/XPIDatabase.jsm:1291
checkForChanges()@resource://gre/modules/addons/XPIProvider.jsm:2568
startup()@resource://gre/modules/addons/XPIProvider.jsm:2148
callProvider()@resource://gre/modules/AddonManager.jsm:203
_startProvider()@resource://gre/modules/AddonManager.jsm:652
startup()@resource://gre/modules/AddonManager.jsm:805
startup()@resource://gre/modules/AddonManager.jsm:2775
observe()@jar:file:///C:/Program%20Files/Mozilla%20Firefox/omni.ja!/components/addonManager.js:66
1614608007612	addons.xpi-utils	ERROR	Failed to load XPI JSON data from profile: Error: Expected passed argument to contain a path(resource://gre/modules/addons/XPIDatabase.jsm:262:15) JS Stack trace: AddonInternal@XPIDatabase.jsm:262:15
parseDB/<@XPIDatabase.jsm:1348:24
parseDB@XPIDatabase.jsm:1338:13
asyncLoadDB/this._dbPromise<@XPIDatabase.jsm:1409:15
awaitPromise@XPIProvider.jsm:186:3
syncLoadDB@XPIDatabase.jsm:1291:7
checkForChanges@XPIProvider.jsm:2568:9
startup@XPIProvider.jsm:2148:25
callProvider@AddonManager.jsm:203:12
_startProvider@AddonManager.jsm:652:5
startup@AddonManager.jsm:805:9
startup@AddonManager.jsm:2775:5
observe@addonManager.js:66:9
1614608007612	addons.xpi-utils	WARN	Rebuilding add-ons database from installed extensions.
1614608007788	addons.xpi-utils	WARN	Add-on langpack-de@firefox.mozilla.org is not compatible with application version.
1614608007788	addons.xpi-utils	WARN	Add-on langpack-de@firefox.mozilla.org is not compatible with application version.
1614608007788	addons.xpi-utils	WARN	Add-on langpack-de@firefox.mozilla.org is not compatible with application version.
1614608007979	addons.webextension.screenshots@mozilla.org	WARN	Loading extension 'screenshots@mozilla.org': Reading manifest: Invalid extension permission: mozillaAddons
1614608007979	addons.webextension.screenshots@mozilla.org	WARN	Loading extension 'screenshots@mozilla.org': Reading manifest: Invalid extension permission: resource://pdf.js/
1614608007979	addons.webextension.screenshots@mozilla.org	WARN	Loading extension 'screenshots@mozilla.org': Reading manifest: Invalid extension permission: about:reader*
1614608008188	addons.xpi-utils	WARN	Add-on langpack-de@firefox.mozilla.org is not compatible with application version.
1614608008188	addons.xpi-utils	WARN	Add-on langpack-de@firefox.mozilla.org is not compatible with application version.
1614608008189	addons.xpi-utils	WARN	Add-on langpack-de@firefox.mozilla.org is not compatible with application version.
1614608008428	addons.webextension.screenshots@mozilla.org	WARN	Loading extension 'screenshots@mozilla.org': Reading manifest: Invalid extension permission: mozillaAddons
1614608008428	addons.webextension.screenshots@mozilla.org	WARN	Loading extension 'screenshots@mozilla.org': Reading manifest: Invalid extension permission: resource://pdf.js/
1614608008428	addons.webextension.screenshots@mozilla.org	WARN	Loading extension 'screenshots@mozilla.org': Rea1614608008698	addons.xpi-utils	WARN	Add-on langpack-de@firef1614608009558	addons.xpi-utils	WARN	Add-on langpack-de@firef1614608009884	Marionette	INFO	Listening on port 31754
1614608010636	Marionette	WARN	TLS certificate errors will be ignored for this session
console.error: (new Error("Unknown database schema: 2", "resconsole.error: (new Error("Unknown database schema: 2", "resource://services-common/kinto-storage-adapter.js", 223))
console.error: (new Error("Unknown database schema: 2", "resource://services-common/kinto-storage-adapter.js", 223))
console.error: (new Error("Unknown database schema: 2", "resource://services-common/kinto-storage-adapter.js", 223))
JavaScript error: undefined, line 0: Error: An unexpected error occurred
console.error: (new Error("Unknown database schema: 2", "resource://services-common/kinto-storage-adapter.js", 223))
console.error: (new Error("Unknown database schema: 2", "r[Parent 45796, Gecko_IOThread] WARNING: pipe error: 109: filJavaScript error: resource://gre/modules/Sqlite.jsm, line 81: Error: Warning: Sqlite connection 'storage-sync.sqlite#0' was not properly closed. Auto-close triggered by garbage collection.

JavaScript error: resource://gre/modules/Sqlite.jsm, line 81: Error: Warning: Sqlite connection 'storage-sync.sqlite#1' was not properly closed. Auto-close triggered by garbage collection.

JavaScript error: resource://gre/modules/Sqlite.jsm, line 81: Error: Warning: Sqlite connection 'storage-sync.sqlite#2' was not properly closed. Auto-close triggered by garbage collection.

JavaScript error: resource://gre/modules/Sqlite.jsm, line 81: Error: Warning: Sqlite connection 'storage-sync.sqlite#3' was not properly closed. Auto-close triggered by garbage collection.

JavaScript error: resource://gre/modules/Sqlite.jsm, line 81: Error: Warning: Sqlite connection 'storage-sync.sqlite#4' was not properly closed. Auto-close triggered by garbage collection.

1614608026671	Marionette	INFO	Stopped listening on port 31758
[Parent 35512, Gecko_IOThread] WARNING: pipe error: 109: file z:/build/build/src/ipc/chromium/src/chrome/common/ipc_channel_win.cc, line 332
[Parent 35512, Gecko_IOThread] WARNING: pipe error: 109: file z:/build/build/src/ipc/chromium/src/chrome/common/ipc_channel_win.cc, line 332
[Child 
###!!! [Child][RunMessage] Error: Channel closing: too late to send/recv, messages will be lost

[GPU 38844, Chrome_
###!!! [Child][MessageChannel::SendAndWait] Error: Channel error: cannot send/recv

RunMessage] Error: Channel closing: too late to send/recv, messages will be lost

[GPU 37124, Chrom
###!!! [Child][MessageChannel::SendAndWait] Error: Channel error: cannot send/recv


###!!! [Child][RunMessage] Error: Channel closing: too late to send/recv, messages will be lost

[GPU 42932, Chrome
###!!! [Child][MessageChannel::SendAndWait] Error: Channel error: cannot send/recv


###!!! [Child][MessageChannel::SendAndWait] Error: Channel error: cannot send/recv

ate to send/recv, messages will be lost

[GPU 45856, Chrome_
###!!! [Child][MessageChannel::SendAndWait] Error: Channel error: cannot send/recv

1614608027276	geckodriver	INFO	Listening on 127.0.0.1:32079
1614608031397	mozrunner::runner	INFO	Running command: "C:\\Program Files\\Mozilla Firefox\\firefox.exe" "--marionette" "1614608031399	mozrunner::runner	INFO	Running command: "C:\\Program Files\\Mozilla Firefox\\firefox.exe" 1614608032550	addons.xpi-utils	WARN	Could not find source bundle for add-on default-theme@mozilla.org: [Exception... "Component returned failure code: 0x80004005 (NS_ERROR_FAILURE) [nsIFile.initWithPath]"  nsresult: "0x80004005 (NS_ERROR_FAILURE)"  location: "JS frame :: resource://gre/modules/addons/XPIDatabase.jsm :: parseDB/< :: line 1340"  data: no] Stack trace: parseDB/<()@resource://gre/modules/addons/XPIDatabase.jsm:1340
parseDB()@resource://gre/modules/addons/XPIDatabase.jsm:1338
asyncLoadDB/this._dbPromise<()@resource://gre/modules/addons/XPIDatabase.jsm:1409
awaitPromise()@resource://gre/modules/addons/XPIProvider.jsm:186
syncLoadDB()@resource://gre/modules/addons/XPIDatabase.jsm:1291
checkForChanges()@resource://gre/modules/addons/XPIProvider.jsm:2568
startup()@resource://gre/modules/addons/XPIProvider.jsm:2148
callProvider()@resource://gre/modules/AddonManager.jsm:203
_startProvider()@resource://gre/modules/AddonManager.jsm:652
startup()@resource://gre/modules/AddonManager.jsm:805
startup()@resource://gre/modules/AddonManager.jsm:2775
observe()@jar:file:///C:/Program%20Files/Mozilla%20Firefox/omni.ja!/components/addonManager.js:66
1614608032550	addons.xpi-utils	ERROR	Failed to load XPI JSON data from profile: Error: Expected passed argument to contain a path(resource://gre/modules/addons/XPIDatabase.jsm:262:15) JS Stack trace: AddonInternal@XPIDatabase.jsm:262:15
parseDB/<@XPIDatabase.jsm:1348:24
parseDB@XPIDatabase.jsm:1338:13
asyncLoadDB/this._dbPromise<@XPIDatabase.jsm:1409:15
awaitPromise@XPIProvider.jsm:186:3
syncLoadDB@XPIDatabase.jsm:1291:7
checkForChanges@XPIProvider.jsm:2568:9
startup@XPIProvider.jsm:2148:25
callProvider@AddonManager.jsm:203:12
_startProvider@AddonManager.jsm:652:5
startup@AddonManager.jsm:805:9
startup@AddonManager.jsm:2775:5
observe@addonManager.js:66:9
1614608032551	addons.xpi-utils	WARN	Rebuilding add-ons database from installed extensions.
1614608032751	addons.xpi-utils	WARN	Add-on langpack-de@firefox.mozilla.org is not compatible with application version.
1614608032751	addons.xpi-utils	WARN	Add-on langpack-de@firefox.mozilla.org is not compatible with application version.
1614608032751	addons.xpi-utils	WARN	Add-on langpack-de@firefox.mozilla.org is not compatible with application version.
1614608033013	addons.webextension.screenshots@mozilla.org	WARN	Loading extension 'screenshots@mozilla.org': Reading manifest: Invalid extension permission: mozillaAddons
1614608033013	addons.webextension.screenshots@mozilla.org	WARN	Loading extension 'screenshots@mozilla.org': Reading manifest: Invalid extension permission: resource://pdf.js/
1614608033013	addons.webextension.screenshots@mozilla.org	WARN	Loading extension 'screenshots@mozilla.org': Reading manifest: Invalid extension permission: about:reader*
1614608033387	addons.xpi-utils	WARN	Add-on langpack-de@firefox.mozilla.org is not compatible with application version.
1614608033387	addons.xpi-utils	WARN	Add-on langpack-de@firefox.mozilla.org is not compatible with application version.
1614608033388	addons.xpi-utils	WARN	Add-on langpack-de@firefox.mozilla.org is not compatible with application version.
1614608033636	addons.webextension.screenshots@mozilla.org	WARN	Loading extension 'screenshots@mozilla.org': Reading manifest: Invalid extension permission: mozillaAddons
1614608033636	addons.webextension.screenshots@mozilla.org	WARN	Loading extension 'screenshots@mozilla.org': Reading manifest: Invalid extension permission: resource://pdf.js/
1614608033636	addons.webextension.screenshots@mozilla.org	WARN	Loading extension 'screenshots@mozilla.org': Reading manifest: Invalid extension permission: about:reader*
1614608034370	addons.xpi-utils	WARN	Add-on langpack-de@firefox.mozilla.org is not compatible with application version.
JavaScript error: moz-extension://6d9b72e1-26cb-42e6-95console.error: (new Error("Unknown database schema: 2", "resource://services-common/kinto-storage-adapter.js", 223))
console.error: (new Error("Unknown database schema: 2", "resource://services-common/kinto-storage-adapter.js", 223))
console.error: (new Error("Unknown database schema: 2", "resource://services-common/kinto-storage-adapter.js", 223))
JavaScript error: undefined, line 0: Error: An unexpected error occurred
console.error: (new Error("Unknown database schema: 2", "resource://services-common/kinto-storage-adapter.js", 223))
console.error: (new Error("Unknown database schema: 2", "resource://services-common/kinto-storage-adapter.js", 223))
Extension error: [Exception... "Component returned failure cExtension error: [Exception... "Component returned failure code: 0x80004005 (NS_ERROR_FAILURE) [nsIDOMWindowUtils.removeSheetUsingURIString]"  nsresult: "0x80004005 (NS_JavaScript error: resource://gre/modules/Sqlite.jsm, line 81: Error: Warning: Sqlite connection 'storage-sync.sqlite#0' was not properly closed. Auto-close triggered by garbage collection.

JavaScript error: resource://gre/modules/Sqlite.jsm, line 81: Error: Warning: Sqlite connection 'storage-sync.sqlite#1' was not properly closed. Auto-close triggered by garbage collection.

JavaScript error: resource://gre/modules/Sqlite.jsm, line 81: Error: Warning: Sqlite connection 'storage-sync.sqlite#2' was not properly closed. Auto-close triggered by garbage collection.

JavaScript error: resource://gre/modules/Sqlite.jsm, line 81: Error: Warning: Sqlite connection 'storage-sync.sqlite#3' was not properly closed. Auto-close triggered by garbage collection.

JavaScript error: resource://gre/modules/Sqlite.jsm, line 81: Error: Warning: Sqlite connection 'storage-sync.sqlite#4' was not properly closed. Auto-close triggered by garbage collection.

Extension error: [Exception... "Component returned failure code: 0x80004005 (NS_ERROR_FAILURE) [nsIDOMWindowUtils.removeSheetUsingURIString]"  nsresult: "0x80004005 (NS_ERROR_FAILURE)"  location: "JS frame :: resource://gre/modules/ExtensionCommonWWARNING: At least one completion condition is taking too long to complete. Conditions: [{"name":"Sqlite.jsm shutdown blocker","state":{"description":"Waiting for connections to cWARNING: At least one completion condition is takWARNING: At least one completion condition is taking too long to complete. Conditions: [{"name":"Sqlite.jsm shutdown blocker","state":{WARNING: At least one completion condition is taking too long to complete. Conditions: [{"name":"Sqlite.jsm shutdown blocker","state":{"description":"Waiting for connections to close","state":[{"name":"storage-sync.sqlite#0: waiting for shutdown","state":{"identifier":"storage-sync.sqlite#0","isCloseRequested":false,"hasDbConn":true,"hasInProgressTransaction":false,"pendingStatements":0,"statementCounter":3},"filename":"resource://gre/modules/Sqlite.jsm","lineNumber":257,"stack":["resource://gre/modules/Sqlite.jsm:ConnectionData:257","resource://gre/modules/Sqlite.jsm:OpenedConnection:1183","resource://gre/modules/Sqlite.jsm:openConnection/</<:993"]},{"name":"storage-sync.sqlite#1: waiting for shutdown","state":{"identifier":"storage-sync.sqlite#1","isCloseRequested":false,"hasDbConn":true,"hasInProgressTransaction":false,"pendingStatements":0,"statementCounter":3},"filename":"resource://gre/modules/Sqlite.jsm","lineNumber":257,"stack":["resource://gre/modules/Sqlite.jsm:ConnectionData:257","resource://gre/modules/Sqlite.jsm:OpenedConnection:1183","resource://gre/modules/Sqlite.jsm:openConnection/</<:993"]},{"name":"storage-sync.sqlite#2: waiting for shutdown","state":{"identifier":"storage-sync.sqlite#2","isCloseRequested":false,"hasDbConn":true,"hasInProgressTransaction":false,"pendingStatements":0,"statementCounter":3},"filename":"resource://gre/modules/Sqlite.jsm","lineNumber":257,"stack":["resource://gre/modules/Sqlite.jsm:ConnectionData:257","resource://gre/modules/Sqlite.jsm:OpenedConnection:1183","resource://gre/modules/Sqlite.jsm:openConnection/</<:993"]},{"name":"storage-sync.sqlite#3: waiting for shutdown","state":{"identifier":"storage-sync.sqlite#3","isCloseRequested":false,"hasDbConn":true,"hasInProgressTransaction":false,"pendingStatements":0,"statementCounter":3},"filename":"resource://gre/modules/Sqlite.jsm","lineNumber":257,"stack":["resource://gre/modules/Sqlite.jsm:ConnectionData:257","resource://gre/modules/Sqlite.jsm:OpenedConnection:1183","resource://gre/modules/Sqlite.jsm:openConnection/</<:993"]},{"name":"storage-sync.sqlite#4: waiting for shutdown","state":{"identifier":"storage-sync.sqlite#4","isCloseRequested":false,"hasDbConn":true,"hasInProgressTransaction":false,"pendingStatements":0,"statementCounter":3},"filename":"resource://gre/modules/Sqlite.jsm","lineNumber":257,"stack":["resource://gre/modules/Sqlite.jsm:ConnectionData:257","resource://gre/modules/Sqlite.jsm:OpenedConnection:1183","resource://gre/modules/Sqlite.jsm:openConnection/</<:993"]}]},"filename":"resource://gre/modules/Sqlite.jsm","lineNumber":149,"stack":["resource://gre/modules/Sqlite.jsm:null:149","resource://gre/modules/XPCOMUtils.jsm:get:129","resource://gre/modules/Sqlite.jsm:ConnectionData:257","resource://gre/modules/Sqlite.jsm:OpenedConnection:1183","resource://gre/modules/Sqlite.jsm:cloneStorageConnection/</<:1073"]}] Barrier: profile-before-change
WARNING: At least one completion condition is taking too long to complete. Conditions: [{"name":"storage-sync.sqlite#0: waiting for shutdown","state":{"identifier":"storage-sync.sqlite#0","isCloseRequested":false,"hasDbConn":true,"hasInProgressTransaction":false,"pendingStatements":0,"statementCounter":3},"filename":"resource://gre/modules/Sqlite.jsm","lineNumber":257,"stack":["resource://gre/modules/Sqlite.jsm:ConnectionData:257","resource://gre/modules/Sqlite.jsm:OpenedConnection:1183","resource://gre/modules/Sqlite.jsm:openConnection/</<:993"]},{"name":"storage-sync.sqlite#1: waiting for shutdown","state":{"identifier":"storage-sync.sqlite#1","isCloseRequested":false,"hasDbConn":true,"hasInProgressTransaction":false,"pendingStatements":0,"statementCounter":3},"filename":"resource://gre/modules/Sqlite.jsm","lineNumber":257,"stack":["resource://gre/modules/Sqlite.jsm:ConnectionData:257","resource://gre/modules/Sqlite.jsm:OpenedConnection:1183","resource://gre/modules/Sqlite.jsm:openConnection/</<:993"]},{"name":"storage-sync.sqlite#2: waiting for shutdown","state":{"identifier":"storage-sync.sqlite#2","isCloseRequested":false,"hasDbConn":true,"hasInProgressTransaction":false,"pendingStatements":0,"statementCounter":3},"filename":"resource://gre/modules/Sqlite.jsm","lineNumber":257,"stack":["resource://gre/modules/Sqlite.jsm:ConnectionData:257","resource://gre/modules/Sqlite.jsm:OpenedConnection:1183","resource://gre/modules/Sqlite.jsm:openConnection/</<:993"]},{"name":"storage-sync.sqlite#3: waiting for shutdown","state":{"identifier":"storage-sync.sqlite#3","isCloseRequested":false,"hasDbConn":true,"hasInProgressTransaction":false,"pendingStatements":0,"statementCounter":3},"filename":"resource://gre/modules/Sqlite.jsm","lineNumber":257,"stack":["resource://gre/modules/Sqlite.jsm:ConnectionData:257","resource://gre/modules/Sqlite.jsm:OpenedConnection:1183","resource://gre/modules/Sqlite.jsm:openConnection/</<:993"]},{"name":"storage-sync.sqlite#4: waiting for shutdown","state":{"identifier":"storage-sync.sqlite#4","isCloseRequested":false,"hasDbConn":true,"hasInProgressTransactJJavaScript error: resource:///modules/sessionstore/SessionSaver.jsm, line 179: NS_ERROR_FAILURE: Component returned failure code: 0x80004005 (NS_ERROR_FAILURE) [nsIAppShellServicJavaScript error: r**** UTM:SVC TimerManager:registerTimer called after profile-before-change notification. Ignoring timer registration for id: telemetry_modules_pingFFATAL ERROR: AsyncShutdown timeout in profile-before-change Conditions: [{"name":"Sqlite.jsm shutdown blocker","state":{"description":"Waiting for connections to close","state":[FATAL ERROR: AsyncShutdown timeout in profile-befFATAL ERROR: AsyncShutdown timeout in profile-before-change Conditions: [{"name":"Sqlite.jsm shutdown blocker","state":{"description":"FATAL ERROR: AsyncShutdown timeout in profile-before-change Conditions: [{"name":"Sqlite.jsm shutdown blocker","state":{"description":"Waiting for connections to close","state":[{"name":"storage-sync.sqlite#0: waiting for shutdown","state":{"identifier":"storage-sync.sqlite#0","isCloseRequested":false,"hasDbConn":true,"hasInProgressTransaction":false,"pendingStatements":0,"statementCounter":3},"filename":"resource://gre/modules/Sqlite.jsm","lineNumber":257,"stack":["resource://gre/modules/Sqlite.jsm:ConnectionData:257","resource://gre/modules/Sqlite.jsm:OpenedConnection:1183","resource://gre/modules/Sqlite.jsm:openConnection/</<:993"]},{"name":"storage-sync.sqlite#1: waiting for shutdown","state":{"identifier":"storage-sync.sqlite#1","isCloseRequested":false,"hasDbConn":true,"hasInProgressTransaction":false,"pendingStatements":0,"statementCounter":3},"filename":"resource://gre/modules/Sqlite.jsm","lineNumber":257,"stack":["resource://gre/modules/Sqlite.jsm:ConnectionData:257","resource://gre/modules/Sqlite.jsm:OpenedConnection:1183","resource://gre/modules/Sqlite.jsm:openConnection/</<:993"]},{"name":"storage-sync.sqlite#2: waiting for shutdown","state":{"identifier":"storage-sync.sqlite#2","isCloseRequested":false,"hasDbConn":true,"hasInProgressTransaction":false,"pendingStatements":0,"statementCounter":3},"filename":"resource://gre/modules/Sqlite.jsm","lineNumber":257,"stack":["resource://gre/modules/Sqlite.jsm:ConnectionData:257","resource://gre/modules/Sqlite.jsm:OpenedConnection:1183","resource://gre/modules/Sqlite.jsm:openConnection/</<:993"]},{"name":"storage-sync.sqlite#3: waiting for shutdown","state":{"identifier":"storage-sync.sqlite#3","isCloseRequested":false,"hasDbConn":true,"hasInProgressTransaction":false,"pendingStatements":0,"statementCounter":3},"filename":"resource://gre/modules/Sqlite.jsm","lineNumber":257,"stack":["resource://gre/modules/Sqlite.jsm:ConnectionData:257","resource://gre/modules/Sqlite.jsm:OpenedConnection:1183","resource://gre/modules/Sqlite.jsm:openConnection/</<:993"]},{"name":"storage-sync.sqlite#4: waiting for shutdown","state":{"identifier":"storage-sync.sqlite#4","isCloseRequested":false,"hasDbConn":true,"hasInProgressTransaction":false,"pendingStatements":0,"statementCounter":3},"filename":"resource://gre/modules/Sqlite.jsm","lineNumber":257,"stack":["resource://gre/modules/Sqlite.jsm:ConnectionData:257","resource://gre/modules/Sqlite.jsm:OpenedConnection:1183","resource://gre/modules/Sqlite.jsm:openConnection/</<:993"]}]},"filename":"resource://gre/modules/Sqlite.jsm","lineNumber":149,"stack":["resource://gre/modules/Sqlite.jsm:null:149","resource://gre/modules/XPCOMUtils.jsm:get:129","resource://gre/modules/Sqlite.jsm:ConnectionData:257","resource://gre/modules/Sqlite.jsm:OpenedConnection:1183","resource://gre/modules/Sqlite.jsm:cloneStorageConnection/</<:1073"]}] At least one completion condition failed to complete within a reasonable amount of time. Causing a crash to ensure that we do not leave the user with an unresponsive process draining resources.
[Parent 32280, Main Thread] ###!!! ABORT: file resource://gre/modules/Sqlite.jsm, line 149
[Parent 32280, Main Thread] ###!!! ABORT: file resource://gre/modules/Sqlite.jsm, line 149
T: file resource://gre/modules/Sqlite.jsm, line 149
st: Invalid extension permission: mozillaAddons
1614608061007	addons.webextension.screenshots@mozilla.org	WARN	Loading extension 'screenshots@mozilla.org': Reading manifest: Invalid extension permission: resource://pdf.js/
1614608061007	addons.webextension.screenshots@mozilla.org	WARN	Loading extension 'screenshots@mozilla.org': Reading manifest: Invalid extension permission: about:reader*
1614608062119	addons.xpi-utils	WARN	Add-on langpack-de@firefox.mozilla.org is not compatible with application version.
1614608063044	Marionette	INFO	Listening on port 32559
1614608063465	Marionette	WARN	TLS certificate errors will be ignored for this session
console.error: (new Error("Unknown database schema: 2", "resource://services-common/kinto-storage-adapter.js", 223))
console.error: (new Error("Unknown database schema: 2", "resource://services-common/kinto-storage-adapter.js", 223))
console.error: (new Error("Unknown database schema: 2", "resource://services-common/kinto-storage-adapter.js", 223))
JavaScript error: undefined, line 0: Error: An unexpected error occurred
console.error: (new Error("Unknown database schema: 2", "resource://services-common/kinto-storage-adapter.js", 223))
console.error: (new Error("Unknown database schema: 2", "resource://services-common/kinto-storage-adapter.js", 223))
JavaScript error: resource://gre/modules/Sqlite.jsm, line 81: Error: Warning: Sqlite connection 'storage-sync.sqlite#0' was not properly closed. Auto-close triggered by garbage collection.

JavaScript error: resource://gre/modules/Sqlite.jsm, line 81: Error: Warning: Sqlite connection 'storage-sync.sqlite#1' was not properly closed. Auto-close triggered by garbage collection.

JavaScript error: resource://gre/modules/Sqlite.jsm, line 81: Error: Warning: Sqlite connection 'storage-sync.sqlite#2' was not properly closed. Auto-close triggered by garbage collection.

JavaScript error: resource://gre/modules/Sqlite.jsm, line 81: Error: Warning: Sqlite connection 'storage-sync.sqlite#3' was not properly closed. Auto-close triggered by garbage collection.

JavaScript error: resource://gre/modules/Sqlite.jsm, line 81: Error: Warning: Sqlite connection 'storage-sync.sqlite#4' was not properly closed. Auto-close triggered by garbage collection.

Extension error: [Exception... "Component returned failure cExtension error: [Exception... "Component returned failure code: 0x80004005 (NS_ExExtension error: [Exception... "Component returned failure code: 0x80004005 (NS_ERROR_FAILURE) [nsIDOMWindowUtils.removeSheetUsingURIString]"  nsresult: "0x80004005 (NS_ERROR_FAILURE)"  location: "JS frame :: resource://gre/modules/ExtensionCommon.jsm :: runSafeSyncWithoutClone :: line 65"  data: no] undefined 65
[[Exception stack
runSafeSyncWithoutClone@resource://gre/modules/ExtensionCommon.jsm:65:12
cleanup@resource://gre/modules/ExtensionContent.jsm:353:11
close@resource://gre/modules/ExtensionContent.jsm:814:7
inner-window-destroyed@resource://gre/modules/ExtensionContent.jsm:889:11
observe@resource://gre/modules/ExtensionContent.jsm:905:5
Current stack
runSafeSyncWithoutClone@resource://gre/modules/ExtensionCommon.jsm:67:129
cleanup@resource://gre/modules/ExtensionContent.jsm:353:11
close@resource://gre/modules/ExtensionContent.jsm:814:7
inner-window-destroyed@resource://gre/modules/ExtensionContent.jsm:889:11
observe@resource://gre/modules/ExtensionContent.jsm:905:5
]]
[Parent 31696, Gecko_IOThread] WARNING: pipe error: 109: file z:/build/build/src/ipc/chromium/src/chrome/common/ipc_channel_win.cc, line 332
[Child 42188, Chrome_ChildThread] WARNING: pipe error: 109: file z:/build/build/src/ipc/chromium/src/chrome/common/ip[Child 45548, Chrome_ChildThread] WARNING: pipe error: 109: file z:/build/build/src/ipc/chromium/src/chrome/common/ipc_channel_win.cc, line 332
c_channel_win.cc[Child 45548, line 332
[Child 42188, Chrome_ChildThread] W[Parent 31696, Gecko_IOThread] WARNING: pipe error: 109: file z:/build/build/src/ipc/chromium/src/chrome/common/ipc_channel_win.cc, line 332
[Child 39656, Chrome_ChildThread] WARNING: pipe error: 109: file z:/build/build/src/ipc/chromium/src/chrome/common/ipc_channel_win.cc, line 332
[Child 39656, Chrome_ChildThread] WARNING: pi1614608110030	Marionette	INFO	Stopped listening on port 32527

###!!! [Child][RunMessage] Error: Channel closing: too late to send/recv, messages will be lost

[GPU 31904, Chrome_ChildT
###!!! [Child][MessageChannel::SendAndWait] Error: Channel error: cannot send/recv

t send/recv

ost

[GPU 45160, Chr
###!!! [Child][MessageChannel::SendAndWait] Error: Channel error: cannot send/recv

AddonManager.jsm:2775:5
observe@addonManager.js:66:9
1614608074488	addons.xpi-utils	WARN	Rebuilding add-ons database from installed extensions.
1614608074663	addons.xpi-utils	WARN	Add-on langpack-de@firefox.mozilla.org is not compatible with application version.
1614608074663	addons.xpi-utils	WARN	Add-on langpack-de@firefox.mozilla.org is not compatible with application version.
1614608074663	addons.xpi-utils	WARN	Add-on langpack-de@firefox.mozilla.org is not compatible with application version.
1614608074830	addons.webextension.screenshots@mozilla.org	WARN	Loading extension 'screenshots@mozilla.org': Reading manifest: Invalid extension permission: mozillaAddons
1614608074830	addons.webextension.screenshots@mozilla.org	WARN	Loading extension 'screenshots@mozilla.org': Reading manifest: Invalid extension permission: resource://pdf.js/
1614608074830	addons.webextension.screenshots@mozilla.org	WARN	Loading extension 'screenshots@mozilla.org': Reading manifest: Invalid extension permission: about:reader*
1614608074992	addons.xpi-utils	WARN	Add-on langpack-de@firefox.mozilla.org is not compatible with application version.
1614608074992	addons.xpi-utils	WARN	Add-on langpack-de@firefox.mozilla.org is not compatible with application version.
1614608074993	addons.xpi-utils	WARN	Add-on langpack-de@firefox.mozilla.org is not compatible with application version.
1614608075163	addons.webextension.screenshots@mozilla.org	WARN	Loading extension 'screenshots@mozilla.org': Reading manifest: Invalid extension permission: mozillaAddons
1614608075164	addons.webextension.screenshots@mozilla.org	WARN	Loading extension 'screenshots@mozilla.org': Reading manifest: Invalid extension permission: resource://pdf.js/
1614608075164	addons.webextension.screenshots@mozilla.org	WARN	Loading extension 'screenshots@mozilla.org': Reading manifest: Invalid extension permission: about:reader*
1614608076052	addons.xpi-utils	WARN	Add-on langpack-de@firef1614608076197	addons.xpi-utils	WARN	Add-on langpack-de@firef1614608077212	Marionette	INFO	Listening on port 32949
161461614608077693	Marionette	INFO	Listening on port 32962
console.error: (new Error("Unknown database schema: 2", "resource://services-common/kinto-storage-adapter.js", 223))
console.error: (new Error("Unknown database schema: 2", "resource://services-common/kinto-storage-adapter.js", 223))
console.error: (new Error("Unknown database schema: 2", "resource://services-common/kinto-storage-adapter.js", 223))
JavaScript error: undefined, line 0: Error: An unexpected error occurred
console.error: (new Error("Unknown database schema: 2", "resource://services-common/kinto-storage-adapter.js", 223))
console.error: (new Error("Unknown database schema: 2", "resource://services-common/kinto-storage-adapter.js", 223))
1614608077943	Marionette	WAJavaScript error: resource://gre/modules/Sqlite.jsm, line 81: Error: Warning: Sqlite connection 'storage-sync.sqlite#0' was not properly closed. Auto-close triggered by garbage collection.

JavaScript error: resource://gre/modules/Sqlite.jsm, line 81: Error: 1614608088939	mozrunner::runner	INFO	Running command: "C:\\P1614608088946	mozrunner::runner	INFO	Running command: "C:\\Program Files\\Mozilla Firefox\\firefox.exe" "--marionette" "-foreground" "-no-remote" "-profile" "C:\\Us1614608090347	addons.xpi-utils	WARN	Could not find source bundle for add-on default-theme@mozilla.org: [Exception... "Component returned failure code: 0x80004005 (NS_ERROR_FAILURE) [nsIFile.initWithPath]"  nsresult: "0x80004005 (NS_ERROR_FAILURE)"  location: "JS frame :: resource://gre/modules/addons/XPIDatabase.jsm :: parseDB/< :: line 1340"  data: no] Stack trace: parseDB/<()@resource://gre/modules/addons/XPIDatabase.jsm:1340
parseDB()@resource://gre/modules/addons/XPExtension error: [Exception... "Component returned failure code: 0x80004005 (NS_ERROR_FAILURE) [nsIDOMWindowUtils.removeSheetUsingURIString]Extension error: [Exception... "Component returned failure code: 0x80004005 (NS_ERROR_FAILURE) [nsIDOMWindowUtils.removeSheetUsingURIString]"  nsresult: "0x80004005 (NS_ERROR_FAILURE)"  location: "JS frame :: resource://gre/modules/ExtensionCommon.jsm :: runSafeSyncWithoutClone :: line 65"  data: no] undefined 65
[[Exception stack
runSafeSyncWithoutClone@resource://gre/modules/ExtensionCommon.jsm:65:12
cleanup@resource://gre/modules/ExtensionContent.jsm:353:11
close@resource://gre/modules/ExtensionContent.jsm:814:7
inner-window-destroyed@resource://gre/modules/ExtensionContent.jsm:889:11
observe@resource://gre/modules/ExtensionContent.jsm:905:5
Current stack
runSafeSyncWithoutClone@resource://gre/modules/ExtensionCommon.jsm:67:129
cleanup@resource://gre/modules/ExtensionContent.jsm:353:11
close@resource://gre/modules/ExtensionContent.jsm:814:7
inner-window-destroyed@resource://gre/modules/ExtensionContent.jsm:889:11
observe@resource://gre/modules/ExtensionContent.jsm:905:5
]]
[Child 54312, Chrome_ChildThread] WARNING: pipe error: 109: file z:/build/build/src/ipc/chromium/src/chrome/common/ipc_channel_win.cc, line 332
[Child [Child 54312, 5Chrome_ChildThread] WARNING: p4624, Chrome_ChildThread] WARNING: pipe error: 109: file z:/build/build/src/ipc/chromium/src/chrome/common/ipc_channel_win.cc, line 332
[Child 54624, Chrome_Ch[Parent 51616, Gecko_IOThread] WARNING: pipe error: 109: file z:/build/build/src/ipc/chromium/src/chrome/common/ipc_channel_win.cc, line 332
[Child 54868, Chrome_ChildThread] WARNING: pipe error: 109: file z:/build/build/src/ipc/chromium/src/chrome/common/ipc_channel_win.cc, line 332
[Child 54868, Chrome_ChildThre1614608107782	Marionette	INFO	Stopped listening on port 32930

###!!! [Child][RunMessage] Error: Channel closing: too late to send/recv, messages will be lost

[GPU 38460, Chrome_Ch
###!!! [Child][MessageChannel::SendAndWait] Error: Channel error: cannot send/recv

: Channel error: cannot send/recv

!!! [Child][MessageChannel::SendAndWait] Error: Channel error: cannot send/recv

nshots@mozilla.org	WARN	Loading extension 'screenshots@mozilla.org': Reading manifest: Invalid extension permission: about:reader*
1614608091178	addons.xpi-utils	WARN	Add-on langpack-de@firefox.mozilla.org is not compatible with application version.
1614608091178	addons.xpi-utils	WARN	Add-on langpack-de@firefox.mozilla.org is not compatible with application version.
1614608091179	addons.xpi-utils	WARN	Add-on langpack-de@firefox.mozilla.org is not compatible with application version.
1614608091356	addons.webextension.screenshots@mozilla.org	WARN	Loading extension 'screenshots@mozilla.org': Reading manifest: Invalid extension permission: mozillaAddons
1614608091356	addons.webextension.screenshots@mozilla.org	WARN	Loading extension 'screenshots@mozilla.org': Reading manifest: Invalid extension permission: resource://pdf.js/
1614608091356	addons.webextension.screenshots@mozilla.org	WARN	Loading extension 'screenshots@mozilla.org': Reading manifest: Invalid extension permission: about:reader*
1614608092313	addons.xpi-utils	WARN	Add-on langpack-de@firefox.mozilla.org is not compatible with application version.
1614608093449	Marionette	INFO	Listening on port 33342

###!!! [Parent][MessageChannel] Error: (msgtype=0x350059,name=PContent::Msg_ProvideAnonymousTemporaryFile) Closed channel: cannot send/recv

console.error: (new Error("Unknown database schema: 2", "resource://services-common/kinto-storage-adapter.js", 223))
console.error: (new Error("Unknown database schema: 2", "resource://services-common/kinto-storage-adapter.js", 223))
console.error: (new Error("Unknown database schema: 2", "resource://services-common/kinto-storage-adapter.js", 223))
JavaScript error: undefined, line 0: Error: An unexpected error occurred
console.error: (new Error("Unknown database schema: 2", "resource://services-common/kinto-storage-adapter.js", 223))
console.error: (new Error("Unknown database schema: 2", "resource://services-common/kinto-storage-adapter.js", 223))
JavaScript error: resource://gre/modules/Sqlite.jsm, line 81: Error: Warning: Sqlite connection 'storage-sync.sqlite#0' was not properly closed. Auto-close triggered by garbage collection.

JavaScript error: resource://gre/modules/Sqlite.jsm, line 81: Error: Warning: Sqlite connection 'storage-sync.sqlite#1' was not properly closed. Auto-close triggered by garbage collection.

JavaScript error: resource://gre/modules/Sqlite.jsm, line 81: Error: Warning: Sqlite connection 'storage-sync.sqlite#2' was not properly closed. Auto-close triggered by garbage collection.

JavaScript error: resource://gre/modules/Sqlite.jsm, line 81: Error: Warning: Sqlite connection 'storage-sync.sqlite#3' was not properly closed. Auto-close triggered by garbage collection.

JavaScript error: resource://gre/modules/Sqlite.jsm, line 81: Error: Warning: Sqlite connection 'storage-sync.sqlite#4' was not properly closed. Auto-close triggered by garbage collection.

1614608721573	addons.xpi-utils	WARN	Add-on langpack-de@firefox.mozilla.org is not compatible with application version.
Extension error: [Exception... "Component returned failure code: 0x80004005 (NS_ERROR_FAILURE) [nsIDOMWindowUtils.removeSheetUsingURIString]"  nsresult: "0x80004005 (NS_ERROR_FAILURE)"  location: "JS frame :: resource://gre/modules/ExtensionCommon.jsm :: runSafeSyncWithoutClone :: line 65"  data: no] undefined 65
[[Exception stack
runSafeSyncWithoutClone@resource://gre/modules/ExtensionCommon.jsm:65:12
cleanup@resource://gre/modules/ExtensionContent.jsm:353:11
close@resource://gre/modules/ExtensionContent.jsm:814:7
inner-window-destroyed@resource://gre/modules/ExtensionContent.jsm:889:11
observe@resource://gre/modules/ExtensionContent.jsm:905:5
Current stack
runSafeSyncWithoutClone@resource://gre/modules/ExtensionCommon.jsm:67:129
cleanup@resource://gre/modules/ExtensionContent.jsm:353:11
close@resource://gre/modules/ExtensionContent.jsm:814:7
inner-window-destroyed@resource://gre/modules/ExtensionContent.jsm:889:11
observe@resource://gre/modules/ExtensionContent.jsm:905:5
]]
[Parent 63448, Gecko_IOThread] WARNING: pipe error: 109: file z:/build/build/src/ipc/chromium/src/chrome/common/ipc_channel_win.cc, line 332
[Child 73176, Chrome_ChildThread] WARNING: pipe error: 109: file z:/build/build/src/ipc/chromium/src/chrome/common/ipc_channel_win.cc, line 332
[Child 73176, Chrome_ChildThreJavaScript error: moz-extension://6d9b72e1-26cb-42e6-95b6-2db940da4155/lib/CSP.js, line 1: SyntaxError: redeclaration of let CSP
Extension error: [Exception... "Component returned failure code: 0x80070057 (NS_ERROR_ILLEGAL_VALUE) [nsIDOMWindowUtils.addSheet]"  nsresult: "0x80070057 (NS_ERROR_ILLEGAL_VALUE)"  location: "JS frame :: resource://gre/modules/ExtensionCommon.jsm :: runSafeSyncWithoutClone :: line 65"  data: no] undefined 65
[[Exception stack
runSafeSyncWithoutClone@resource://gre/modules/ExtensionCommon.jsm:65:12
inject/cssPromise<@resource://gre/modules/ExtensionContent.jsm:447:13
Current stack
runSafeSyncWithoutClone@resource://gre/modules/ExtensionCommon.jsm:67:129
inject/cssPromise<@resource://gre/modules/ExtensionContent.jsm:447:13
]]
Extension error: [Exception... "Component returned failure code: 0x80004005 (NS_ERROR_FAILURE) [nsIDOMWindowUtils.removeSheetUsingURIString]"  nsresult: "0x80004005 (NS_ERROR_FAILURE)"  location: "JS frame :: resource://gre/modules/ExtensionCommon.jsm :: runSafeSyncWithoutClone :: line 65"  data: no] undefined 65
[[Exception stack
runSafeSyncWithoutClone@resource://gre/modules/ExtensionCommon.jsm:65:12
cleanup@resource://gre/modules/ExtensionContent.jsm:353:11
close@resource://gre/modules/ExtensionContent.jsm:814:7
inner-window-destroyed@resource://gre/modules/ExtensionContent.jsm:889:11
observe@resource://gre/modules/ExtensionContent.jsm:905:5
Current stack
runSafeSyncWithoutClone@resource://gre/modules/ExtensionCommon.jsm:67:129
cleanup@resource://gre/modules/ExtensionContent.jsm:353:11
close@resource://gre/modules/ExtensionContent.jsm:814:7
inner-window-destroyed@resource://gre/modules/ExtensionContent.jsm:889:11
observe@resource://gre/modules/ExtensionContent.jsm:905:5
]]
Extension error: [Exception... "Component returned failure code: 0x80004005 (NS_ERROR_FAILURE) [nsIDOMWindowUtils.removeSheetUsingURIString]"  nsresult: "0x80004005 (NS_ERROR_FAILURE)"  location: "JS frame :: resource://gre/modules/ExtensionCommon.jsm :: runSafeSyncWithoutClone :: line 65"  data: no] undefined 65
[[Exception stack
runSafeSyncWithoutClone@resource://gre/modules/ExtensionCommon.jsm:65:12
cleanup@resource://gre/modules/ExtensionContent.jsm:353:11
close@resource://gre/modules/ExtensionContent.jsm:814:7
inner-window-destroyed@resource://gre/modules/ExtensionContent.jsm:889:11
observe@resource://gre/modules/ExtensionContent.jsm:905:5
Current stack
runSafeSyncWithoutClone@resource://gre/modules/ExtensionCommon.jsm:67:129
cleanup@resource://gre/modules/ExtensionContent.jsm:353:11
close@resource://gre/modules/ExtensionContent.jsm:814:7
inner-window-destroyed@resource://gre/modules/ExtensionContent.jsm:889:11
observe@resource://gre/modules/ExtensionContent.jsm:905:5
]]
JavaScript error: moz-extension://6d9b72e1-26cb-42e6-95b6-2db940da4155/lib/CSP.js, line 1: SyntaxError: redeclaration of let CSP
Extension error: [Exception... "Component returned failure code: 0x80070057 (NS_ERROR_ILLEGAL_VALUE) [nsIDOMWindowUtils.addSheet]"  nsresult: "0x80070057 (NS_ERROR_ILLEGAL_VALUE)"  location: "JS frame :: resource://gre/modules/ExtensionCommon.jsm :: runSafeSyncWithoutClone :: line 65"  data: no] undefined 65
[[Exception stack
runSafeSyncWithoutClone@resource://gre/modules/ExtensionCommon.jsm:65:12
inject/cssPromise<@resource://gre/modules/ExtensionContent.jsm:447:13
Current stack
runSafeSyncWithoutClone@resource://gre/modules/ExtensionCommon.jsm:67:129
inject/cssPromise<@resource://gre/modules/ExtensionContent.jsm:447:13
]]
Extension error: [Exception... "Component returned failure code: 0x80004005 (NS_ERROR_FAILURE) [nsIDOMWindowUtils.removeSheetUsingURIString]"  nsresult: "0x80004005 (NS_ERROR_FAILURE)"  location: "JS frame :: resource://gre/modules/ExtensionCommon.jsm :: runSafeSyncWithoutClone :: line 65"  data: no] undefined 65
[[Exception stack
runSafeSyncWithoutClone@resource://gre/modules/ExtensionCommon.jsm:65:12
cleanup@resource://gre/modules/ExtensionContent.jsm:353:11
close@resource://gre/modules/ExtensionContent.jsm:814:7
inner-window-destroyed@resource://gre/modules/ExtensionContent.jsm:889:11
observe@resource://gre/modules/ExtensionContent.jsm:905:5
Current stack
runSafeSyncWithoutClone@resource://gre/modules/ExtensionCommon.jsm:67:129
cleanup@resource://gre/modules/ExtensionContent.jsm:353:11
close@resource://gre/modules/ExtensionContent.jsm:814:7
inner-window-destroyed@resource://gre/modules/ExtensionContent.jsm:889:11
observe@resource://gre/modules/ExtensionContent.jsm:905:5
]]
Extension error: [Exception... "Component returned failure code: 0x80004005 (NS_ERROR_FAILURE) [nsIDOMWindowUtils.removeSheetUsingURIString]"  nsresult: "0x80004005 (NS_ERROR_FAILURE)"  location: "JS frame :: resource://gre/modules/ExtensionCommon.jsm :: runSafeSyncWithoutClone :: line 65"  data: no] undefined 65
[[Exception stack
runSafeSyncWithoutClone@resource://gre/modules/ExtensionCommon.jsm:65:12
cleanup@resource://gre/modules/ExtensionContent.jsm:353:11
close@resource://gre/modules/ExtensionContent.jsm:814:7
inner-window-destroyed@resource://gre/modules/ExtensionContent.jsm:889:11
observe@resource://gre/modules/ExtensionContent.jsm:905:5
Current stack
runSafeSyncWithoutClone@resource://gre/modules/ExtensionCommon.jsm:67:129
cleanup@resource://gre/modules/ExtensionContent.jsm:353:11
close@resource://gre/modules/ExtensionContent.jsm:814:7
inner-window-destroyed@resource://gre/modules/ExtensionContent.jsm:889:11
observe@resource://gre/modules/ExtensionContent.jsm:905:5
]]
Extension error: [Exception... "Component returned failure code: 0x80070057 (NS_ERROR_ILLEGAL_VALUE) [nsIDOMWindowUtils.addSheet]"  nsresult: "0x80070057 (NS_ERROR_ILLEGAL_VALUE)"  location: "JS frame :: resource://gre/modules/ExtensionCommon.jsm :: runSafeSyncWithoutClone :: line 65"  data: no] undefined 65
[[Exception stack
runSafeSyncWithoutClone@resource://gre/modules/ExtensionCommon.jsm:65:12
inject/cssPromise<@resource://gre/modules/ExtensionContent.jsm:447:13
Current stack
runSafeSyncWithoutClone@resource://gre/modules/ExtensionCommon.jsm:67:129
inject/cssPromise<@resource://gre/modules/ExtensionContent.jsm:447:13
]]
JavaScript error: moz-extension://6d9b72e1-26cb-42e6-95b6-2db940da4155/lib/CSP.js, line 1: SyntaxError: redeclaration of let CSP
Extension error: [Exception... "Component returned failure code: 0x80004005 (NS_ERROR_FAILURE) [nsIDOMWindowUtils.removeSheetUsingURIString]"  nsresult: "0x80004005 (NS_ERROR_FAILURE)"  location: "JS frame :: resource://gre/modules/ExtensionCommon.jsm :: runSafeSyncWithoutClone :: line 65"  data: no] undefined 65
[[Exception stack
runSafeSyncWithoutClone@resource://gre/modules/ExtensionCommon.jsm:65:12
cleanup@resource://gre/modules/ExtensionContent.jsm:353:11
close@resource://gre/modules/ExtensionContent.jsm:814:7
inner-window-destroyed@resource://gre/modules/ExtensionContent.jsm:889:11
observe@resource://gre/modules/ExtensionContent.jsm:905:5
Current stack
runSafeSyncWithoutClone@resource://gre/modules/ExtensionCommon.jsm:67:129
cleanup@resource://gre/modules/ExtensionContent.jsm:353:11
close@resource://gre/modules/ExtensionContent.jsm:814:7
inner-window-destroyed@resource://gre/modules/ExtensionContent.jsm:889:11
observe@resource://gre/modules/ExtensionContent.jsm:905:5
]]
Extension error: [Exception... "Component returned failure code: 0x80004005 (NS_ERROR_FAILURE) [nsIDOMWindowUtils.removeSheetUsingURIString]"  nsresult: "0x80004005 (NS_ERROR_FAILURE)"  location: "JS frame :: resource://gre/modules/ExtensionCommon.jsm :: runSafeSyncWithoutClone :: line 65"  data: no] undefined 65
[[Exception stack
runSafeSyncWithoutClone@resource://gre/modules/ExtensionCommon.jsm:65:12
cleanup@resource://gre/modules/ExtensionContent.jsm:353:11
close@resource://gre/modules/ExtensionContent.jsm:814:7
inner-window-destroyed@resource://gre/modules/ExtensionContent.jsm:889:11
observe@resource://gre/modules/ExtensionContent.jsm:905:5
Current stack
runSafeSyncWithoutClone@resource://gre/modules/ExtensionCommon.jsm:67:129
cleanup@resource://gre/modules/ExtensionContent.jsm:353:11
close@resource://gre/modules/ExtensionContent.jsm:814:7
inner-window-destroyed@resource://gre/modules/ExtensionContent.jsm:889:11
observe@resource://gre/modules/ExtensionContent.jsm:905:5
]]
Extension error: [Exception... "Component returned failure code: 0x80070057 (NS_ERROR_ILLEGAL_VALUE) [nsIDOMWindowUtils.addSheet]"  nsresult: "0x80070057 (NS_ERROR_ILLEGAL_VALUE)"  location: "JS frame :: resource://gre/modules/ExtensionCommon.jsm :: runSafeSyncWithoutClone :: line 65"  data: no] undefined 65
[[Exception stack
runSafeSyncWithoutClone@resource://gre/modules/ExtensionCommon.jsm:65:12
inject/cssPromise<@resource://gre/modules/ExtensionContent.jsm:447:13
Current stack
runSafeSyncWithoutClone@resource://gre/modules/ExtensionCommon.jsm:67:129
inject/cssPromise<@resource://gre/modules/ExtensionContent.jsm:447:13
]]
JavaScript error: moz-extension://6d9b72e1-26cb-42e6-95b6-2db940da4155/lib/CSP.js, line 1: SyntaxError: redeclaration of let CSP
Extension error: [Exception... "Component returned failure code: 0x80004005 (NS_ERROR_FAILURE) [nsIDOMWindowUtils.removeSheetUsingURIString]"  nsresult: "0x80004005 (NS_ERROR_FAILURE)"  location: "JS frame :: resource://gre/modules/ExtensionCommon.jsm :: runSafeSyncWithoutClone :: line 65"  data: no] undefined 65
[[Exception stack
runSafeSyncWithoutClone@resource://gre/modules/ExtensionCommon.jsm:65:12
cleanup@resource://gre/modules/ExtensionContent.jsm:353:11
close@resource://gre/modules/ExtensionContent.jsm:814:7
inner-window-destroyed@resource://gre/modules/ExtensionContent.jsm:889:11
observe@resource://gre/modules/ExtensionContent.jsm:905:5
Current stack
runSafeSyncWithoutClone@resource://gre/modules/ExtensionCommon.jsm:67:129
cleanup@resource://gre/modules/ExtensionContent.jsm:353:11
close@resource://gre/modules/ExtensionContent.jsm:814:7
inner-window-destroyed@resource://gre/modules/ExtensionContent.jsm:889:11
observe@resource://gre/modules/ExtensionContent.jsm:905:5
]]
Extension error: [Exception... "Component returned failure code: 0x80004005 (NS_ERROR_FAILURE) [nsIDOMWindowUtils.removeSheetUsingURIString]"  nsresult: "0x80004005 (NS_ERROR_FAILURE)"  location: "JS frame :: resource://gre/modules/ExtensionCommon.jsm :: runSafeSyncWithoutClone :: line 65"  data: no] undefined 65
[[Exception stack
runSafeSyncWithoutClone@resource://gre/modules/ExtensionCommon.jsm:65:12
cleanup@resource://gre/modules/ExtensionContent.jsm:353:11
close@resource://gre/modules/ExtensionContent.jsm:814:7
inner-window-destroyed@resource://gre/modules/ExtensionContent.jsm:889:11
observe@resource://gre/modules/ExtensionContent.jsm:905:5
Current stack
runSafeSyncWithoutClone@resource://gre/modules/ExtensionCommon.jsm:67:129
cleanup@resource://gre/modules/ExtensionContent.jsm:353:11
close@resExtension error: [Exception... "Component returned failure cExtension error: [Exception... "Component returned failure code: 0x80004005 (NS_ERROR_FAILURE) [nsIDOMWindowUtils.removeSheetUsingURIString]" Extension error: [Exception... "Component returned failure code: 0x80004005 (NS_ERROR_FAILURE) [nsIDOMWindowUtils.removeSheetUsingURIString]"  nsresult: "0x80004005 (NS_ERROR_FAILURE)"  location: "JS frame :: resource://gre/modules/ExtensionCommon.jsm :: runSafeSyncWithoutClone :: line 65"  data: no] undefined 65
[[Exception stack
runSafeSyncWithoutClone@resource://gre/modules/ExtensionCommon.jsm:65:12
cleanup@resource://gre/modules/ExtensionContent.jsm:353:11
close@resource://gre/modules/ExtensionContent.jsm:814:7
inner-window-destroyed@resource://gre/modules/ExtensionContent.jsm:889:11
observe@resource://gre/modules/ExtensionContent.jsm:905:5
Current stack
runSafeSyncWithoutClone@resource://gre/modules/ExtensionCommon.jsm:67:129
cleanup@resource://gre/modules/ExtensionContent.jsm:353:11
close@resource://gre/modules/ExtensionContent.jsm:814:7
inner-window-destroyed@resource://gre/modules/ExtensionContent.jsm:889:11
observe@resource://gre/modules/ExtensionContent.jsm:905:5
]]
[[Parent 66540, Gecko_IOThread] WARNING: pipe error: 109: file z:/build/build/src/ipc/chromium/src/chrome/common/ipc_channel_win.cc, line 332
[Child 52540, Chrome_ChildThread] WARNING: pipe error: 109: file z:/build/build/src/ipc/chromium/src/chrome/common/ipc_channel_win.cc, line 332
[Child 52540, Chrome_ChildThread] WARNIN[Chi1614608826842	Marionette	INFO	Stopped listening on port 33767
[GPU 67612, Chrome_
###!!! [Child][RunMessage] Error: Channel closing: too late to send/recv, messages will be lost


###!!! [Child][MessageChannel::SendAndWait] Error: Channel error: cannot send/recv

ild 47380, Chrome_ChildThread] WARNING: pipe error: 109: file z:/build/build/src/ipc/chromium/src/chrome/common/ipc_channel_win.cc, line 332
[Child 47380, Chrome_Child1614608826691	Marionette	INFO	Stopped listening on port 33769

###!!! [Child][RunMessage] Error: Channel closing: too late to send/recv, messages will be lost

[GPU 38888, Chrome_Chil
###!!! [Child][MessageChannel::SendAndWait] Error: Channel error: cannot send/recv

data: no] undefined 65
[[Exception stack
runSafeSyncWithoutClone@resource://gre/modules/ExtensionCommon.jsm:65:12
cleanup@resource://gre/modules/ExtensionContent.jsm:353:11
close@resource://gre/modules/ExtensionContent.jsm:814:7
inner-window-destroyed@resource://gre/modules/ExtensionContent.jsm:889:11
observe@resource://gre/modules/ExtensionContent.jsm:905:5
Current stack
runSafeSyncWithoutClone@resource://gre/modules/ExtensionCommon.jsm:67:129
cleanup@resource://gre/modules/ExtensionContent.jsm:353:11
close@resource://gre/modules/ExtensionContent.jsm:814:7
inner-window-destroyed@resource://gre/modules/ExtensionContent.jsm:889:11
observe@resource://gre/modules/ExtensionContent.jsm:905:5
]]
Extension error: [Exception... "Component returned failure code: 0x80070057 (NS_ERROR_ILLEGAL_VALUE) [nsIDOMWindowUtils.addSheet]"  nsresult: "0x80070057 (NS_ERROR_ILLEGAL_VALUE)"  location: "JS frame :: resource://gre/modules/ExtensionCommon.jsm :: runSafeSyncWithoutClone :: line 65"  data: no] undefined 65
[[Exception stack
runSafeSyncWithoutClone@resource://gre/modules/ExtensionCommon.jsm:65:12
inject/cssPromise<@resource://gre/modules/ExtensionContent.jsm:447:13
Current stack
runSafeSyncWithoutClone@resource://gre/modules/ExtensionCommon.jsm:67:129
inject/cssPromise<@resource://gre/modules/ExtensionContent.jsm:447:13
]]
JavaScript error: moz-extension://6d9b72e1-26cb-42e6-95b6-2db940da4155/lib/CSP.js, line 1: SyntaxError: redeclaration of let CSP
Extension error: [Exception... "Component returned failure code: 0x80004005 (NS_ERROR_FAILURE) [nsIDOMWindowUtils.removeSheetUsingURIString]"  nsresult: "0x80004005 (NS_ERROR_FAILURE)"  location: "JS frame :: resource://gre/modules/ExtensionCommon.jsm :: runSafeSyncWithoutClone :: line 65"  data: no] undefined 65
[[Exception stack
runSafeSyncWithoutClone@resource://gre/modules/ExtensionCommon.jsm:65:12
cleanup@resource://gre/modules/ExtensionContent.jsm:353:11
close@resource://gre/modules/ExtensionContent.jsm:814:7
inner-window-destroyed@resource://gre/modules/ExtensionContent.jsm:889:11
observe@resource://gre/modules/ExtensionContent.jsm:905:5
Current stack
runSafeSyncWithoutClone@resource://gre/modules/ExtensionCommon.jsm:67:129
cleanup@resource://gre/modules/ExtensionContent.jsm:353:11
close@resource://gre/modules/ExtensionContent.jsm:814:7
inner-window-destroyed@resource://gre/modules/ExtensionContent.jsm:889:11
observe@resource://gre/modules/ExtensionContent.jsm:905:5
]]
Extension error: [Exception... "Component returned failure code: 0x80004005 (NS_ERROR_FAILURE) [nsIDOMWindowUtils.removeSheetUsingURIString]"  nsresult: "0x80004005 (NS_ERROR_FAILURE)"  location: "JS frame :: resource://gre/modules/ExtensionCommon.jsm :: runSafeSyncWithoutClone :: line 65"  data: no] undefined 65
[[Exception stack
runSafeSyncWithoutClone@resource://gre/modules/ExtensionCommon.jsm:65:12
cleanup@resource://gre/modules/ExtensionContent.jsm:353:11
close@resource://gre/modules/ExtensionContent.jsm:814:7
inner-window-destroyed@resource://gre/modules/ExtensionContent.jsm:889:11
observe@resource://gre/modules/ExtensionContent.jsm:905:5
Current stack
runSafeSyncWithoutClone@resource://gre/modules/ExtensionCommon.jsm:67:129
cleanup@resource://gre/modules/ExtensionContent.jsm:353:11
close@resource://gre/modules/ExtensionContent.jsm:814:7
inner-window-destroyed@resource://gre/modules/ExtensionContent.jsm:889:11
observe@resource://gre/modules/ExtensionContent.jsm:905:5
]]
Extension error: [Exception... "Component returned failure code: 0x80070057 (NS_ERROR_ILLEGAL_VALUE) [nsIDOMWindowUtils.addSheet]"  nsresult: "0x80070057 (NS_ERROR_ILLEGAL_VALUE)"  location: "JS frame :: resource://gre/modules/ExtensionCommon.jsm :: runSafeSyncWithoutClone :: line 65"  data: no] undefined 65
[[Exception stack
runSafeSyncWithoutClone@resource://gre/modules/ExtensionCommon.jsm:65:12
inject/cssPromise<@resource://gre/modules/ExtensionContent.Extension error: [Exception... "Component returned failure cExtension error: [Exception... "Component returned failure code: 0x80004005 (NS_ERROR_FAILURE) [nsIDOMWindowUtils.removeSheetUsingURIString]" Extension error: [Exception... "Component returned failure code: 0x80004005 (NS_ERROR_FAILURE) [nsIDOMWindowUtils.removeSheetUsingURIString]"  nsresult: "0x80004005 (NS_ERROR_FAILURE)"  location: "JS frame :: resource://gre/modules/ExtensionCommon.jsm :: runSafeSyncWithoutClone :: line 65"  data: no] undefined 65
[[Exception stack
runSafeSyncWithoutClone@resource://gre/modules/ExtensionCommon.jsm:65:12
cleanup@resource://gre/modules/ExtensionContent.jsm:353:11
close@resource://gre/modules/ExtensionContent.jsm:814:7
inner-window-destroyed@resource://gre/modules/ExtensionContent.jsm:889:11
observe@resource://gre/modules/ExtensionContent.jsm:905:5
Current stack
runSafeSyncWithoutClone@resource://gre/modules/ExtensionCommon.jsm:67:129
cleanup@resource://gre/modules/ExtensionContent.jsm:353:11
close@resource://gre/modules/ExtensionContent.jsm:814:7
inner-window-destroyed@resource://gre/modules/ExtensionContent.jsm:889:11
observe@resource://gre/modules/ExtensionContent.jsm:905:5
]]
[Child 60576, Chrome_ChildThread] WARNING: pipe error: 109: file z:/build/build/src/ipc/chromium/src/ch[Chrome/common/ipc_channel_win.cc, line 332
ild 53636, Chrome_ChildThread] WARNING: pipe error: 109: file z:/build/build/src/ipc/chromium/src/chrome/common/ipc_channel_win.cc, line 332
[Child 53636, Chrome_C[Parent 39132, Gecko_IOThread] WARNING: pipe error: 109: file z:/build/build/src/ipc/chromium/src/chrome/common/ipc_channel_win.cc, line 332
[Child 59564, Chrome_ChildThread] WARNING: pipe error: 109: file z:/build/build/src/ipc/chromium/src/chrome/common/ipc_channel_win.cc, line 332
[Child 59564, Chrome_ChildThread] WARNIN1614608828451	Marionette	INFO	Stopped listening on port 34139

###!!! [Child][RunMessage] Error: Channel closing: too late to send/recv, messages will be lost

[GPU 71436, Chrome_ChildThread
###!!! [Child][MessageChannel::SendAndWait] Error: Channel error: cannot send/recv

nnot send/recv

ldThread] WARNIN
###!!! [Child][MessageChannel::SendAndWait] Error: Channel error: cannot send/recv

11
observe@resource://gre/modules/ExtensionContent.jsm:905:5
]]
Extension error: [Exception... "Component returned failure code: 0x80070057 (NS_ERROR_ILLEGAL_VALUE) [nsIDOMWindowUtils.addSheet]"  nsresult: "0x80070057 (NS_ERROR_ILLEGAL_VALUE)"  location: "JS frame :: resource://gre/modules/ExtensionCommon.jsm :: runSafeSyncWithoutClone :: line 65"  data: no] undefined 65
[[Exception stack
runSafeSyncWithoutClone@resource://gre/modules/ExtensionCommon.jsm:65:12
inject/cssPromise<@resource://gre/modules/ExtensionContent.jsm:447:13
Current stack
runSafeSyncWithoutClone@resource://gre/modules/ExtensionCommon.jsm:67:129
inject/cssPromise<@resource://gre/modules/ExtensionContent.jsm:447:13
]]
JavaScript error: moz-extension://6d9b72e1-26cb-42e6-95b6-2db940da4155/lib/CSP.js, line 1: SyntaxError: redeclaration of let CSP
Extension error: [Exception... "Component returned failure code: 0x80004005 (NS_ERROR_FAILURE) [nsIDOMWindowUtils.removeSheetUsingURIString]"  nsresult: "0x80004005 (NS_ERROR_FAILURE)"  location: "JS frame :: resource://gre/modules/ExtensionCommon.jsm :: runSafeSyncWithoutClone :: line 65"  data: no] undefined 65
[[Exception stack
runSafeSyncWithoutClone@resource://gre/modules/ExtensionCommon.jsm:65:12
cleanup@resource://gre/modules/ExtensionContent.jsm:353:11
close@resource://gre/modules/ExtensionContent.jsm:814:7
inner-window-destroyed@resource://gre/modules/ExtensionContent.jsm:889:11
observe@resource://gre/modules/ExtensionContent.jsm:905:5
Current stack
runSafeSyncWithoutClone@resource://gre/modules/ExtensionCommon.jsm:67:129
cleanup@resource://gre/modules/ExtensionContent.jsm:353:11
close@resource://gre/modules/ExtensionContent.jsm:814:7
inner-window-destroyed@resource://gre/modules/ExtensionContent.jsm:889:11
observe@resource://gre/modules/ExtensionContent.jsm:905:5
]]
Extension error: [Exception... "Component returned failure code: 0x80004005 (NS_ERROR_FAILURE) [nsIDOMWindowUtils.removeSheetUsingURIString]"  nsresult: "0x80004005 (NS_ERROR_FAILURE)"  location: "JS frame :: resource://gre/modules/ExtensionCommon.jsm :: runSafeSyncWithoutClone :: line 65"  data: no] undefined 65
[[Exception stack
runSafeSyncWithoutClone@resource://gre/modules/ExtensionCommon.jsm:65:12
cleanup@resource://gre/modules/ExtensionContent.jsm:353:11
close@resource://gre/modules/ExtensionContent.jsm:814:7
inner-window-destroyed@resource://gre/modules/ExtensionContent.jsm:889:11
observe@resource://gre/modules/ExtensionContent.jsm:905:5
Current stack
runSafeSyncWithoutClone@resource://gre/modules/ExtensionCommon.jsm:67:129
cleanup@resource://gre/modules/ExtensionContent.jsm:353:11
close@resource://gre/modules/ExtensionContent.jsm:814:7
inner-window-destroyed@resource://gre/modules/ExtensionContent.jsm:889:11
observe@resource://gre/modules/ExtensionContent.jsm:905:5
]]
Extension error: [Exception... "Component returned failure code: 0x80070057 (NS_ERROR_ILLEGAL_VALUE) [nsIDOMWindowUtils.addSheet]"  nsresult: "0x80070057 (NS_ERROR_ILLEGAL_VALUE)"  location: "JS frame :: resource://gre/modules/ExtensionCommon.jsm :: runSafeSyncWithoutClone :: line 65"  data: no] undefined 65
[[Exception stack
runSafeSyncWithoutClone@resource://gre/modules/ExtensionCommon.jsm:65:12
inject/cssPromise<@resource://gre/modules/ExtensionContent.jsm:447:13
Current stack
runSafeSyncWithoutClone@resource://gre/modules/ExtensionCommon.jsm:67:129
inject/cssPromise<@resource://gre/modules/ExtensionContent.jsm:447:13
]]
JavaScript error: moz-extension://6d9b72e1-26cb-42e6-95b6-2db940da4155/lib/CSP.js, line 1: SyntaxError: redeclaration of let CSP
Extension error: [Exception... "Component returned failure code: 0x80004005 (NS_ERROR_FAILURE) [nsIDOMWindowUtils.removeSheetUsingURIString]"  nsresult: "0x80004005 (NS_ERROR_FAILURE)"  location: "JS frame :: resource://gre/modules/ExtensionCommon.jsm :: runSafeSyncWithoutClone :: liExtension error: [Exception... "Component returned failure cExtension error: [Exception... "Component returned failure code: 0x80004005 (NS_ERROR_FAILURE) [nsIDOMWindowUtils.removeSheetUsingURIString]" Extension error: [Exception... "Component returned failure code: 0x80004005 (NS_ERROR_FAILURE) [nsIDOMWindowUtils.removeSheetUsingURIString]"  nsresult: "0x80004005 (NS_ERROR_FAILURE)"  location: "JS frame :: resource://gre/modules/ExtensionCommon.jsm :: runSafeSyncWithoutClone :: line 65"  data: no] undefined 65
[[Exception stack
runSafeSyncWithoutClone@resource://gre/modules/ExtensionCommon.jsm:65:12
cleanup@resource://gre/modules/ExtensionContent.jsm:353:11
close@resource://gre/modules/ExtensionContent.jsm:814:7
inner-window-destroyed@resource://gre/modules/ExtensionContent.jsm:889:11
observe@resource://gre/modules/ExtensionContent.jsm:905:5
Current stack
runSafeSyncWithoutClone@resource://gre/modules/ExtensionCommon.jsm:67:129
cleanup@resource://gre/modules/ExtensionContent.jsm:353:11
close@resource://gre/modules/ExtensionContent.jsm:814:7
inner-window-destroyed@resource://gre/modules/ExtensionContent.jsm:889:11
observe@resource://gre/modules/ExtensionContent.jsm:905:5
]]
[Parent 70792, Gecko_IOThread] WARNING: pipe error: 109: file z:/build/build/src/ipc/chromium/src/chrome/common/ipc_channel_win.cc, line 332
[Parent 70792, Gecko_IOThread] WARNING: pipe error: 109: file z:/build/build/src/ipc/chromium/src/chrome/common/ipc_channel_win.cc, line 332
[Child 50216, Chrome_ChildThread] WARNING: pipe error: 109: file z:/build/build/src/ipc/chromium/src/chrome/common/ipc_channel_win.cc, line 332
[Child 38864, Chrome_ChildThread] WARNING: pipe error: 109: file z:/build[Child /build/src/ipc/chromium/src/chrome/common/ipc_channel_win.cc, line 332
[Child 38864, Chrome_ChildThread[Child 38380, Chrome_ChildThread] WARNING: pipe error: 109: file z:/build/build/src/ipc/chromium/src/chrome/common/ipc_channel_win.cc, line 332
[Child 38380, Chrome_ChildThread] 1614608833092	Marionette	INFO	Stopped listening on port 34534

###!!! [Child][RunMessage] Error: Channel closing: too late to send/recv, messages will be lost

[GPU 55308, Chrome_ChildT
###!!! [Child][MessageChannel::SendAndWait] Error: Channel error: cannot send/recv

te to send/recv, messages will be lost

[GPU 67676, Chrome_ChildThrea
###!!! [Child][MessageChannel::SendAndWait] Error: Channel error: cannot send/recv

5/lib/CSP.js, line 1: SyntaxError: redeclaration of let CSP
Extension error: [Exception... "Component returned failure code: 0x80070057 (NS_ERROR_ILLEGAL_VALUE) [nsIDOMWindowUtils.addSheet]"  nsresult: "0x80070057 (NS_ERROR_ILLEGAL_VALUE)"  location: "JS frame :: resource://gre/modules/ExtensionCommon.jsm :: runSafeSyncWithoutClone :: line 65"  data: no] undefined 65
[[Exception stack
runSafeSyncWithoutClone@resource://gre/modules/ExtensionCommon.jsm:65:12
inject/cssPromise<@resource://gre/modules/ExtensionContent.jsm:447:13
Current stack
runSafeSyncWithoutClone@resource://gre/modules/ExtensionCommon.jsm:67:129
inject/cssPromise<@resource://gre/modules/ExtensionContent.jsm:447:13
]]
JavaScript error: moz-extension://6d9b72e1-26cb-42e6-95b6-2db940da4155/lib/CSP.js, line 1: SyntaxError: redeclaration of let CSP
Extension error: [Exception... "Component returned failure code: 0x80004005 (NS_ERROR_FAILURE) [nsIDOMWindowUtils.removeSheetUsingURIString]"  nsresult: "0x80004005 (NS_ERROR_FAILURE)"  location: "JS frame :: resource://gre/modules/ExtensionCommon.jsm :: runSafeSyncWithoutClone :: line 65"  data: no] undefined 65
[[Exception stack
runSafeSyncWithoutClone@resource://gre/modules/ExtensionCommon.jsm:65:12
cleanup@resource://gre/modules/ExtensionContent.jsm:353:11
close@resource://gre/modules/ExtensionContent.jsm:814:7
inner-window-destroyed@resource://gre/modules/ExtensionContent.jsm:889:11
observe@resource://gre/modules/ExtensionContent.jsm:905:5
Current stack
runSafeSyncWithoutClone@resource://gre/modules/ExtensionCommon.jsm:67:129
cleanup@resource://gre/modules/ExtensionContent.jsm:353:11
close@resource://gre/modules/ExtensionContent.jsm:814:7
inner-window-destroyed@resource://gre/modules/ExtensionContent.jsm:889:11
observe@resource://gre/modules/ExtensionContent.jsm:905:5
]]
Extension error: [Exception... "Component returned failure code: 0x80004005 (NS_ERROR_FAILURE) [nsIDOMWindowUtils.removeSheetUsingURIString]"  nsresult: "0x80004005 (NS_ERROR_FAILURE)"  location: "JS frame :: resource://gre/modules/ExtensionCommon.jsm :: runSafeSyncWithoutClone :: line 65"  data: no] undefined 65
[[Exception stack
runSafeSyncWithoutClone@resource://gre/modules/ExtensionCommon.jsm:65:12
cleanup@resource://gre/modules/ExtensionContent.jsm:353:11
close@resource://gre/modules/ExtensionContent.jsm:814:7
inner-window-destroyed@resource://gre/modules/ExtensionContent.jsm:889:11
observe@resource://gre/modules/ExtensionContent.jsm:905:5
Current stack
runSafeSyncWithoutClone@resource://gre/modules/ExtensionCommon.jsm:67:129
cleanup@resource://gre/modules/ExtensionContent.jsm:353:11
close@resource://gre/modules/ExtensionContent.jsm:814:7
inner-window-destroyed@resource://gre/modules/ExtensionContent.jsm:889:11
observe@resource://gre/modules/ExtensionContent.jsm:905:5
]]
[Parent 63448, Gecko_IOThread] WARNING: pipe error: 109: file z:/build/build/src/ipc/chromium/src/chrome/common/ipc_channel_win.cc, line 332
[Child 75052, Chrome_ChildThread] WARNING: pipe error: 109: file z:/build/build/src/ipc/chromium/src/chrome/common/ipc_channel_win.cc, line 332
[Child 75052, Chrome_ChildThreadExtension error: [Exception... "Component returned failure code: 0x80004005 (NS_ERROR_FAILURE) [nsIDOMWindowUtils.removeSheetUsingURIString]"  nsresult: "0x80004005 (NS_ERROR_FAILURE)"  location: "JS frame :: resource://gre/modules/ExtensionCommon.jsm :: runSafeSyncWithoutClone :: line 65"  data: no] undefined 65
[[Exception stack
runSafeSyncWithoutClone@resource://gre/modules/ExtensionCommon.jsm:65:12
cleanup@resource://gre/modules/ExtensionContent.jsm:353:11
close@resource://gre/modules/ExtensionContent.jsm:814:7
inner-window-destroyed@resource://gre/modules/ExtensionContent.jsm:889:11
observe@resouExtension error: [Exception... "Component returned failure code: 0x80004005 (NS_ERROR_FAILURE) [nsIDOMWindowUtils.removeSheetUsingURIString]"  nsresult: "0x80004005 (NS_ERROR_FAILURE)"  location: "JS frame :: resource://gre/modules/ExtensionCommon.jsm :: runSafeSyncWithoutClone :: line 65"  data: no] undefined 65
[[Exception stack
runSafeSyncWithoutClone@resource://gre/modules/ExtensionCommon.jsm:65:12
cleanup@resource://gre/modules/ExtensionContent.jsm:353:11
close@resource://gre/modules/ExtensionContent.jsm:814:7
inner-window-destroyed@resource://gre/modules/ExtensionContent.jsm:889:11
observe@resource://gre/modules/ExtensionContent.jsm:905:5
Current stack
runSafeSyncWithoutClone@resource://gre/modules/ExtensionCommon.jsm:67:129
cleanup@resource://gre/modules/ExtensionContent.jsm:353:11
close@resource://gre/modules/ExtensionContent.jsm:814:7
inner-window-destroyed@resource://gre/modules/ExtensionContent.jsm:889:11
observe@resource://gre/modules/ExtensionContent.jsm:905:5
]]
[Parent 69660, Gecko_IOThread] WARNING: pipe error: 109: file z:/build/build/src/ipc/chromium/src/chrome/common/ipc_channel_win.cc, line 332
[Parent 69660, Gecko_IOThread] WARNING: pipe error: 109: file z:/build/build/src/ipc/chromium/src/chrome/common/ipc_channel_win.cc, line 332
[Child 80280, Chrome_ChildThread] WARNING: pipe error: 109: file z:/build/build/src/ipc/chr[Child 78480, Chrome_ChildThread] WARNING: pipe error: 109: file z:/build/build/src/ipc/chromium/src/chrome/common/ipc_channel_win.cc, line 332
omium/src/chrome/common/ipc_channel_win.cc, line 332
[Child 80280, Chrome_ChildThread[Child 78096, Chrome_ChildThread] WARNING: pipe error: 109: file z:/build/build/src/ipc/chromium/src/chrome/common/ipc_channel_win.cc, line 332
[Child 78096, Chrome_ChildThread] WARNIN1614608834913	Marionette	INFO	Stopped listening on port 34923

###!!! [Child][RunMessage] Error: Channel closing: too late to send/recv, messages will be lost

[GPU 77756, Chrome_ChildThread] WARNING: pi
###!!! [Child][MessageChannel::SendAndWait] Error: Channel error: cannot send/recv

! [Child][MessageChannel::SendAndWait] Error: Channel error: cannot send/recv

d][MessageChannel::SendAndWait] Error: Channel error: cannot send/recv

ERROR_FAILURE) [nsIDOMWindowUtils.removeSheetUsingURIString]"  nsresult: "0x80004005 (NS_ERROR_FAILURE)"  location: "JS frame :: resource://gre/modules/ExtensionCommon.jsm :: runSafeSyncWithoutClone :: line 65"  data: no] undefined 65
[[Exception stack
runSafeSyncWithoutClone@resource://gre/modules/ExtensionCommon.jsm:65:12
cleanup@resource://gre/modules/ExtensionContent.jsm:353:11
close@resource://gre/modules/ExtensionContent.jsm:814:7
inner-window-destroyed@resource://gre/modules/ExtensionContent.jsm:889:11
observe@resource://gre/modules/ExtensionContent.jsm:905:5
Current stack
runSafeSyncWithoutClone@resource://gre/modules/ExtensionCommon.jsm:67:129
cleanup@resource://gre/modules/ExtensionContent.jsm:353:11
close@resource://gre/modules/ExtensionContent.jsm:814:7
inner-window-destroyed@resource://gre/modules/ExtensionContent.jsm:889:11
observe@resource://gre/modules/ExtensionContent.jsm:905:5
]]
Extension error: [Exception... "Component returned failure code: 0x80004005 (NS_ERROR_FAILURE) [nsIDOMWindowUtils.removeSheetUsingURIString]"  nsresult: "0x80004005 (NS_ERROR_FAILURE)"  location: "JS frame :: resource://gre/modules/ExtensionCommon.jsm :: runSafeSyncWithoutClone :: line 65"  data: no] undefined 65
[[Exception stack
runSafeSyncWithoutClone@resource://gre/modules/ExtensionCommon.jsm:65:12
cleanup@resource://gre/modules/ExtensionContent.jsm:353:11
close@resource://gre/modules/ExtensionContent.jsm:814:7
inner-window-destroyed@resource://gre/modules/ExtensionContent.jsm:889:11
observe@resource://gre/modules/ExtensionContent.jsm:905:5
Current stack
runSafeSyncWithoutClone@resource://gre/modules/ExtensionCommon.jsm:67:129
cleanup@resource://gre/modules/ExtensionContent.jsm:353:11
close@resource://gre/modules/ExtensionContent.jsm:814:7
inner-window-destroyed@resource://gre/modules/ExtensionContent.jsm:889:11
observe@resource://gre/modules/ExtensionContent.jsm:905:5
]]
Extension error: [Exception... "Component returned failure code: 0x80070057 (NS_ERROR_ILLEGAL_VALUE) [nsIDOMWindowUtils.addSheet]"  nsresult: "0x80070057 (NS_ERROR_ILLEGAL_VALUE)"  location: "JS frame :: resource://gre/modules/ExtensionCommon.jsm :: runSafeSyncWithoutClone :: line 65"  data: no] undefined 65
[[Exception stack
runSafeSyncWithoutClone@resource://gre/modules/ExtensionCommon.jsm:65:12
inject/cssPromise<@resource://gre/modules/ExtensionContent.jsm:447:13
Current stack
runSafeSyncWithoutClone@resource://gre/modules/ExtensionCommon.jsm:67:129
inject/cssPromise<@resource://gre/modules/ExtensionContent.jsm:447:13
]]
JavaScript error: moz-extension://6d9b72e1-26cb-42e6-95b6-2db940da4155/lib/CSP.js, line 1: SyntaxError: redeclaration of let CSP
Extension error: [Exception... "Component returned failure code: 0x80004005 (NS_ERROR_FAILURE) [nsIDOMWindowUtils.removeSheetUsingURIString]"  nsresult: "0x80004005 (NS_ERROR_FAILURE)"  location: "JS frame :: resource://gre/modules/ExtensionCommon.jsm :: runSafeSyncWithoutClone :: line 65"  data: no] undefined 65
[[Exception stack
runSafeSyncWithoutClone@resource://gre/modules/ExtensionCommon.jsm:65:12
cleanup@resource://gre/modules/ExtensionContent.jsm:353:11
close@resource://gre/modules/ExtensionContent.jsm:814:7
inner-window-destroyed@resource://gre/modules/ExtensionContent.jsm:889:11
observe@resource://gre/modules/ExtensionContent.jsm:905:5
Current stack
runSafeSyncWithoutClone@resource://gre/modules/ExtensionCommon.jsm:67:129
cleanup@resource://gre/modules/ExtensionContent.jsm:353:11
close@resource://gre/modules/ExtensionContent.jsm:814:7
inner-window-destroyed@resource://gre/modules/ExtensionContent.jsm:889:11
observe@resource://gre/modules/ExtensionContent.jsm:905:5
]]
Extension error: [Exception... "Component returned failure code: 0x80004005 (NS_ERROR_FAILURE) [nsIDOMWindowUtils.removeSheetUsingURIString]"  nsresult: "0x80004005 (NS_ERROR_FAILURE)"  location: "JS frame :: resource://gre/modules/ExtensionCommon.jsm :: runExtension error: [Exception... "Component returned failure cExtension error: [Exception... "Component returned failure code: 0x80004005 (NS_ERROR_FAILURE) [nsIDOMWindowUtils.removeSheetUsingURIString]"  nsresult: "0x80004005 (NS_ERROR_FAILURE)"  location: "JS frame :: resource://gre/modules/ExtensionCommon.jsm :: runSafeSyncWithoutClone :: line 65"  data: no] undefined 65
[[Exception stack
runSafeSyncWithoutClone@resource://gre/modules/ExtensionCommon.jsm:65:12
cleanup@resource://gre/modules/ExtensionContent.jsm:353:11
close@resource://gre/modules/ExtensionContent.jsm:814:7
inner-window-destroyed@resource://gre/modules/ExtensionContent.jsm:889:11
observe@resource://gre/modules/ExtensionContent.jsm:905:5
Current stack
runSafeSyncWithoutClone@resource://gre/modules/ExtensionCommon.jsm:67:129
cleanup@resource://gre/modules/ExtensionContent.jsm:353:11
close@resource://gre/modules/ExtensionContent.jsm:814:7
inner-window-destroyed@resource://gre/modules/ExtensionContent.jsm:889:11
observe@resource://gre/modules/ExtensionContent.jsm:905:5
]]
[Parent 44760, Gecko_IOThread] WARNING: pipe error: 109: file z:/build/build/src/ipc/chromium/src/chrome/common/ipc_channel_win.cc, line 332
[Child 70868, Chrome_ChildThread] WARNING: pipe error: 109: file z:/build/build/src/ipc/chromium/src/chrome/common/ipc_channel_win.cc, line 332[Ch
ild 93868, Chrome_ChildThread] [WARNING: pipe error: 109: file z:/build/build/src/ipc/chromium/src/chrome/common/ipc_channel_win.cc, line 332
[Child 93868, Chrome_ChildThread] WARNING: pipe error: 109:[1614608836606	Marionette	INFO	Stopped listening on port 35297

###!!! [Child][RunMessage] Error: Channel closing: too late to send/recv, messages will be lost

[GPU 89148, Chrome_ChildThread] WARNING: 
###!!! [Child][MessageChannel::SendAndWait] Error: Channel error: cannot send/recv

36415	Marionette	INFO	Stopped listening on port 35307
[
###!!! [Child][MessageChannel::SendAndWait] Error: Channel error: cannot send/recv

hannel closing: too late to send/recv, messages will be lost

[GPU 86908, Chrome_ChildTh
###!!! [Child][MessageChannel::SendAndWait] Error: Channel error: cannot send/recv

closing: too late to send/recv, messages will be lost

[GPU 87020, Chrome_ChildThread
###!!! [Child][MessageChannel::SendAndWait] Error: Channel error: cannot send/recv

modules/ExtensionContent.jsm:814:7
inner-window-destroyed@resource://gre/modules/ExtensionContent.jsm:889:11
observe@resource://gre/modules/ExtensionContent.jsm:905:5
]]
Extension error: [Exception... "Component returned failure code: 0x80004005 (NS_ERROR_FAILURE) [nsIDOMWindowUtils.removeSheetUsingURIString]"  nsresult: "0x80004005 (NS_ERROR_FAILURE)"  location: "JS frame :: resource://gre/modules/ExtensionCommon.jsm :: runSafeSyncWithoutClone :: line 65"  data: no] undefined 65
[[Exception stack
runSafeSyncWithoutClone@resource://gre/modules/ExtensionCommon.jsm:65:12
cleanup@resource://gre/modules/ExtensionContent.jsm:353:11
close@resource://gre/modules/ExtensionContent.jsm:814:7
inner-window-destroyed@resource://gre/modules/ExtensionContent.jsm:889:11
observe@resource://gre/modules/ExtensionContent.jsm:905:5
Current stack
runSafeSyncWithoutClone@resource://gre/modules/ExtensionCommon.jsm:67:129
cleanup@resource://gre/modules/ExtensionContent.jsm:353:11
close@resource://gre/modules/ExtensionContent.jsm:814:7
inner-window-destroyed@resource://gre/modules/ExtensionContent.jsm:889:11
observe@resource://gre/modules/ExtensionContent.jsm:905:5
]]
Extension error: [Exception... "Component returned failure code: 0x80070057 (NS_ERROR_ILLEGAL_VALUE) [nsIDOMWindowUtils.addSheet]"  nsresult: "0x80070057 (NS_ERROR_ILLEGAL_VALUE)"  location: "JS frame :: resource://gre/modules/ExtensionCommon.jsm :: runSafeSyncWithoutClone :: line 65"  data: no] undefined 65
[[Exception stack
runSafeSyncWithoutClone@resource://gre/modules/ExtensionCommon.jsm:65:12
inject/cssPromise<@resource://gre/modules/ExtensionContent.jsm:447:13
Current stack
runSafeSyncWithoutClone@resource://gre/modules/ExtensionCommon.jsm:67:129
inject/cssPromise<@resource://gre/modules/ExtensionContent.jsm:447:13
]]
JavaScript error: moz-extension://6d9b72e1-26cb-42e6-95b6-2db940da4155/lib/CSP.js, line 1: SyntaxError: redeclaration of let CSP
Extension error: [Exception... "Component returned failure code: 0x80004005 (NS_ERROR_FAILURE) [nsIDOMWindowUtils.removeSheetUsingURIString]"  nsresult: "0x80004005 (NS_ERROR_FAILURE)"  location: "JS frame :: resource://gre/modules/ExtensionCommon.jsm :: runSafeSyncWithoutClone :: line 65"  data: no] undefined 65
[[Exception stack
runSafeSyncWithoutClone@resource://gre/modules/ExtensionCommon.jsm:65:12
cleanup@resource://gre/modules/ExtensionContent.jsm:353:11
close@resource://gre/modules/ExtensionContent.jsm:814:7
inner-window-destroyed@resource://gre/modules/ExtensionContent.jsm:889:11
observe@resource://gre/modules/ExtensionContent.jsm:905:5
Current stack
runSafeSyncWithoutClone@resource://gre/modules/ExtensionCommon.jsm:67:129
cleanup@resource://gre/modules/ExtensionContent.jsm:353:11
close@resource://gre/modules/ExtensionContent.jsm:814:7
inner-window-destroyed@resource://gre/modules/ExtensionContent.jsm:889:11
observe@resource://gre/modules/ExtensionContent.jsm:905:5
]]
Extension error: [Exception... "Component returned failure code: 0x80004005 (NS_ERROR_FAILURE) [nsIDOMWindowUtils.removeSheetUsingURIString]"  nsresult: "0x80004005 (NS_ERROR_FAILURE)"  location: "JS frame :: resource://gre/modules/ExtensionCommon.jsm :: runSafeSyncWithoutClone :: line 65"  data: no] undefined 65
[[Exception stack
runSafeSyncWithoutClone@resource://gre/modules/ExtensionCommon.jsm:65:12
cleanup@resource://gre/modules/ExtensionContent.jsm:353:11
close@resource://gre/modules/ExtensionContent.jsm:814:7
inner-window-destroyed@resource://gre/modules/ExtensionContent.jsm:889:11
observe@resource://gre/modules/ExtensionContent.jsm:905:5
Current stack
runSafeSyncWithoutClone@resource://gre/modules/ExtensionCommon.jsm:67:129
cleanup@resource://gre/modules/ExtensionContent.jsm:353:11
close@resource://gre/modules/ExtensionContent.jsm:814:7
inner-window-destroyed@resource://gre/modules/ExtensionContent.jsm:889:11
observe@resource://gre/modules/ExtensionContent.jsm:905:5
]]
[Parent 63448, Gecko_IOThread] WARNING: pipe error: 109: file z:/build/build/src/ipc/chromium/src/chrome/common/ipc_channel_win.cc, line 332
[Child 30144, Chrome_ChildThread] WARNING: pipe error: 109: file z:/build/build/src/ipc/chromium/src/chrome/common/ipc_channel_win.cc, line 332
[Child 30144, Chrome_ChildThread] WARNING: pipe error:[Child 72400, Chrome_ChildThread] WARNING: pipe error: 109: file z:/build/build/src/ipc/chromium/src/chrome/common/ipc_channel_win.cc, line 332
[Child 72400, Chrome_Chi[Child 33500, Chrome_ChildThread] WARNING: pipe error: 109: file z:/build/build/src/ipc/chromium/src/chrome/common/ipc_channel_win.cc, line 332
[Child 33500, Chrome_ChildThre1614608821928	Marionette	INFO	Stopped listening on port 33342

###!!! [Child][RunMessage] Error: Channel closing: too late to send/recv, messages will be lost

[GPU 65460, Chrome_ChildTh
###!!! [Child][MessageChannel::SendAndWait] Error: Channel error: cannot send/recv

g to complete. Conditions: [{"name":"Sqlite.jsm shutdown blocker","state":{"description":"Waiting for connections to close","state":[{"name":"storage-sync.sqlite#0: waiting for shutdown","state":{"identifier":"storage-sync.sqlite#0","isCloseRequested":false,"hasDbConn":true,"hasInProgressTransaction":false,"pendingStatements":0,"statementCounter":3},"filename":"resource://gre/modules/Sqlite.jsm","lineNumber":257,"stack":["resource://gre/modules/Sqlite.jsm:ConnectionData:257","resource://gre/modules/Sqlite.jsm:OpenedConnection:1183","resource://gre/modules/Sqlite.jsm:openConnection/</<:993"]},{"name":"storage-sync.sqlite#1: waiting for shutdown","state":{"identifier":"storage-sync.sqlite#1","isCloseRequested":false,"hasDbConn":true,"hasInProgressTransaction":false,"pendingStatements":0,"statementCounter":3},"filename":"resource://gre/modules/Sqlite.jsm","lineNumber":257,"stack":["resource://gre/modules/Sqlite.jsm:ConnectionData:257","resource://gre/modules/Sqlite.jsm:OpenedConnection:1183","resource://gre/modules/Sqlite.jsm:openConnection/</<:993"]},{"name":"storage-sync.sqlite#2: waiting for shutdown","state":{"identifier":"storage-sync.sqlite#2","isCloseRequested":false,"hasDbConn":true,"hasInProgressTransaction":false,"pendingStatements":0,"statementCounter":3},"filename":"resource://gre/modules/Sqlite.jsm","lineNumber":257,"stack":["resource://gre/modules/Sqlite.jsm:ConnectionData:257","resource://gre/modules/Sqlite.jsm:OpenedConnection:1183","resource://gre/modules/Sqlite.jsm:openConnection/</<:993"]},{"name":"storage-sync.sqlite#3: waiting for shutdown","state":{"identifier":"storage-sync.sqlite#3","isCloseRequested":false,"hasDbConn":true,"hasInProgressTransaction":false,"pendingStatements":0,"statementCounter":3},"filename":"resource://gre/modules/Sqlite.jsm","lineNumber":257,"stack":["resource://gre/modules/Sqlite.jsm:ConnectionData:257","resource://gre/modules/Sqlite.jsm:OpenedConnection:1183","resource://gre/modules/Sqlite.jsm:openConnection/</<:993"]},{"name":"storage-sync.sqlite#4: waiting for shutdown","state":{"identifier":"storage-sync.sqlite#4","isCloseRequested":false,"hasDbConn":true,"hasInProgressTransaction":false,"pendingStatements":0,"statementCounter":3},"filename":"resource://gre/modules/Sqlite.jsm","lineNumber":257,"stack":["resource://gre/modules/Sqlite.jsm:ConnectionData:257","resource://gre/modules/Sqlite.jsm:OpenedConnection:1183","resource://gre/modules/Sqlite.jsm:openConnection/</<:993"]}]},"filename":"resource://gre/modules/Sqlite.jsm","lineNumber":149,"stack":["resource://gre/modules/Sqlite.jsm:null:149","resource://gre/modules/XPCOMUtils.jsm:get:129","resource://gre/modules/Sqlite.jsm:ConnectionData:257","resource://gre/modules/Sqlite.jsm:OpenedConnection:1183","resource://gre/modules/Sqlite.jsm:cloneStorageConnection/</<:1073"]}] Barrier: profile-before-change
WARNING: At least one completion condition is taking too long to complete. Conditions: [{"name":"storage-sync.sqlite#0: waiting for shutdown","state":{"identifier":"storage-sync.sqlite#0","isCloseRequested":false,"hasDbConn":true,"hasInProgressTransaction":false,"pendingStatements":0,"statementCounter":3},"filename":"resource://gre/modules/Sqlite.jsm","lineNumber":257,"stack":["resource://gre/modules/Sqlite.jsm:ConnectionData:257","resource://gre/modules/Sqlite.jsm:OpenedConnection:1183","resource://gre/modules/Sqlite.jsm:openConnection/</<:993"]},{"name":"storage-sync.sqlite#1: waiting for shutdown","state":{"identifier":"storage-sync.sqlite#1","isCloseRequested":false,"hasDbConn":true,"hasInProgressTransaction":false,"pendingStatements":0,"statementCounter":3},"filename":"resource://gre/modules/Sqlite.jsm","lineNumber":257,"stack":["resource://gre/modules/Sqlite.jsm:ConnectionData:257","resource://gre/modules/Sqlite.jsm:OpenedConnection:1183","resource://gre/modules/Sqlite.jsm:openConnection/</<:993"]},{"name":"storage-sync.sqlite#2: waiting for shutdown","state":{"identifier":"storage-sync.sqlite#2","isCloseRequested":false,"hasDbConn":true,"hasInProgressTransaction":false,"pendingStatements":0,"statementCounter":3},"filename":"resource://gre/modules/Sqlite.jsm","lineNumber":257,"stack":["resource://gre/modules/Sqlite.jsm:ConnectionData:257","resource://gre/modules/Sqlite.jsm:OpenedConnection:1183","resource://gre/modules/Sqlite.jsm:openConnection/</<:993"]},{"name":"storage-sync.sqlite#3: waiting for shutdown","state":{"identifier":"storage-sync.sqlite#3","isCloseRequested":false,"hasDbConn":true,"hasInProgressTransaction":false,"pendingStatements":0,"statementCounter":3},"filename":"resource://gre/modules/Sqlite.jsm","lineNumberJavaScript error: resource:///modules/sessionstore/SessionSaver.jsm, line 179: NS_ERRJavaScript error: resource:///modules/sessionstore/SessionSaver.jsm, line 179: NS_ERROR_FAILURE: Component return*** UTM:SVC TimerManager:registerTimer called after profile-before-change notification. Ignoring timer*** UTM:SVC TimerManager:registerTimer called FATAL ERROR: AsyncShutdown timeout in profile-before-change Conditions: [{"name":"SqlFATAL ERROR: AsyncShutdown timeout in profile-before-change Conditions: [{"name":"Sqlite.jsm shutdown blocker","state":{"description":"Waiting for connections to close","state":[{"name":"storage-sync.sqlite#0: waiting for shutdown","state":{"identifier":"storage-sync.sqlite#0","isCloseRequested":false,"hasDbConn":true,"hasInProgressTransaction":false,"pendingStatements":0,"statementCounter":3},"filename":"resource://gre/modules/Sqlite.jsm","lineNumber":257,"stack":["resource://gre/modules/Sqlite.jsm:ConnectionData:257","resource://gre/modules/Sqlite.jsm:OpenedConnection:1183","resource://gre/modules/Sqlite.jsm:openConnectioFATAL ERROR: AsyncShutdown timeout in profile-before-change Conditions: [{"name":"Sqlite.jsm shutdown blocker","state":{"description":"Waiting for connections to close","state":[{"name":"storage-sync.sqlite#0: waiting for shutdown","state":{"identifier":"storage-sync.sqlite#0","isCloseRequested":false,"hasDbConn":true,"hasInProgressTransaction":false,"pendingStatements":0,"statementCounter":3},"filename":"resource://gre/modules/Sqlite.jsm","lineNumber":257,"stack":["resource://gre/modules/Sqlite.jsm:ConnectionData:257","resource://gre/modules/Sqlite.jsm:OpenedConnection:1183","resource://gre/modules/Sqlite.jsm:openConnection/</<:993"]},{"name":"storage-sync.sqlite#1: waiting for shutdown","state":{"identifier":"storage-sync.sqlite#1","isCloseRequested":false,"hasDbConn":true,"hasInProgressTransaction":false,"pendingStatements":0,"statementCounter":3},"filename":"resource://gre/modules/Sqlite.jsm","lineNumber":257,"stack":["resource://gre/modules/Sqlite.jsm:ConnectionData:257","resource://gre/modules/Sqlite.jsm:OpenedConnection:1183","resource://gre/modules/Sqlite.jsm:openConnection/</<:993"]},{"name":"storage-sync.sqlite#2: waiting for shutdown","state":{"identifier":"storage-sync.sqlite#2","isCloseRequested":false,"hasDbConn":true,"hasInProgressTransaction":false,"pendingStatements":0,"statementCounter":3},"filename":"resource://gre/modules/Sqlite.jsm","lineNumber":257,"stack":["resource://gre/modules/Sqlite.jsm:ConnectionData:257","resource://gre/modules/Sqlite.jsm:OpenedConnection:1183","resource://gre/modules/Sqlite.jsm:openConnection/</<:993"]},{"name":"storage-sync.sqlite#3: waiting for shutdown","state":{"identifier":"storage-sync.sqlite#3","isCloseRequested":false,"hasDbConn":true,"hasInProgressTransaction":false,"pendingStatements":0,"statementCounter":3},"filename":"resource://gre/modules/Sqlite.jsm","lineNumber":257,"stack":["resource://gre/modules/Sqlite.jsm:ConnectionData:257","resource://gre/modules/Sqlite.jsm:OpenedConnection:1183","resource://gre/modules/Sqlite.jsm:openConnection/</<:993"]},{"name":"storage-sync.sqlite#4: waiting for shutdown","state":{"identifier":"storage-sync.sqlite#4","isCloseRequested":false,"hasDbConn":true,"hasInProgressTransaction":false,"pendingStatements":0,"statementCounter":3},"filename":"resource://gre/modules/Sqlite.jsm","lineNumber":257,"stack":["resource://gre/modules/Sqlite.jsm:ConnectionData:257","resource://gre/modules/Sqlite.jsm:OpenedConnection:1183","resource://gre/modules/Sqlite.jsm:openConnection/</<:993"]}]},"filename":"resource://gre/modules/Sqlite.jsm","lineNumber":149,"stack":["resource://gre/modules/Sqlite.jsm:null:149","resource://gre/modules/XPCOMUtils.jsm:get:129","resource://gre/modules/Sqlite.jsm:ConnectionData:257","resource://gre/modules/Sqlite.jsm:OpenedConnection:1183","resource://gre/modules/Sqlite.jsm:cloneStorageConnection/</<:1073"]}] At least one completion condition failed to complete within a reasonable amount of time. Causing a crash to ensure that we do not leave the user with an unresponsive process draining resources.
[Parent 98288, Main Thread] ###!!! ABORT: file resource://gre/modules/Sqlite.jsm, line 149
[Parent 98288, Main Thread] ###!!! ABORT: file resource://gre/modules/Sqlite.jsm, line 149
1614608318008	geckodriver	INFO	Listening on 127.0.0.1:36054
1614608322112	mozrunner::runner	INFO	Running command: "C:\\P1614608322224	mozrunner::runner	INFO	Running command: "C:\\Program Files\\Mozilla Firefox\\firefox.exe" "--marionette" "-foreground" "-no-remote" "-profile" "C:\\Us1614608322912	addons.xpi-utils	WARN	Could not find source bu1614608323322	addons.xpi-utils	WARN	Could not find source bundle for add-on default-theme@mozilla.org: [Exception... "Component returned failure code: 0x80004005 (NS_ERROR_FAILURE) [nsIFile.initWithPath]"  nsresult: "0x80004005 (NS_ERROR_FAILURE)"  location: "JS frame :: resource://gre/modules/addons/XPIDatabase.jsm :: parseDB/< :: line 1340"  data: no] Stack trace: parseDB/<()@resource://gre/modules/addons/XPIDatabase.jsm:1340
parseDB()@resource://gre/modules/addons/XPIDatabase.jsm:1338
asyncLoadDB/this._dbPromise<()@resource://gre/modules/addons/XPIDatabase.jsm:1409
awaitPromise()@resource://gre/modules/addons/XPIProvider.jsm:186
syncLoadDB()@resource://gre/modules/addons/XPIDatabase.jsm:1291
checkForChanges()@resource://gre/modules/addons/XPIProvider.jsm:2568
startup()@resource://gre/modules/addons/XPIProvider.jsm:2148
callProvider()@resource://gre/modules/AddonManager.jsm:203
_startProvider()@resource://gre/modules/AddonManager.jsm:652
startup()@resource://gre/modules/AddonManager.jsm:805
startup()@resource://gre/modules/AddonManager.jsm:2775
observe()@jar:file:///C:/Program%20Files/Mozilla%20Firefox/omni.ja!/components/addonManager.js:66
1614608323323	addons.xpi-utils	ERROR	Failed to load XPI JSON data from profile: Error: Expected passed argument to contain a path(resource://gre/modules/addons/XPIDatabase.jsm:262:15) JS Stack trace: AddonInternal@XPIDatabase.jsm:262:15
parseDB/<@XPIDatabase.jsm:1348:24
parseDB@XPIDatabase.jsm:1338:13
asyncLoadDB/this._dbPromise<@XPIDatabase.jsm:1409:15
awaitPromise@XPIProvider.jsm:186:3
syncLoadDB@XPIDatabase.jsm:1291:7
checkForChanges@XPIProvider.jsm:2568:9
startup@XPIProvider.jsm:2148:25
callProvider@AddonManager.jsm:203:12
_startProvider@AddonManager.jsm:652:5
startup@AddonManager.jsm:805:9
startup@AddonManager.jsm:2775:5
observe@addonManager.js:66:9
1614608323323	addons.xpi-utils	WARN	Rebuilding add-ons database from installed extensions.
1614608323590	addons.xpi-utils	WARN	Add-on langpack-de@firefox.mozilla.org is not compatible with application version.
1614608323590	addons.xpi-utils	WARN	Add-on langpack-de@firefox.mozilla.org is not compatible with application version.
1614608323591	addons.xpi-utils	WARN	Add-on langpack-de@firefox.mozilla.org is not compatible with application version.
1614608323942	addons.webextension.screenshots@mozilla.org	WARN	Loading extension 'screenshots@mozilla.org': Reading manifest: Invalid extension permission: mozillaAddons
1614608323942	addons.webextension.screenshots@mozilla.org	WARN	Loading extension 'screenshots@mozilla.org': Reading manifest: Invalid extension permission: resource://pdf.js/
1614608323942	addons.webextension.screenshots@mozilla.org	WARN	Loading extension 'screenshots@mozilla.org': Reading manifest: Invalid extension permission: about:reader*
1614608324727	addons.xpi-utils	WARN	Add-on langpack-de@firefox.mozilla.org is not compatible with application version.
1614608324727	addons.xpi-utils	WARN	Add-on langpack-de@firefox.mozilla.org is not compatible with application version.
1614608324727	addons.xpi-utils	WARN	Add-on langpack-de@firefox.mozilla.org is not compatible with application version.
1614608325064	addons.webextension.screenshots@mozilla.org	WARN	Loading extension 'screenshots@mozilla.org': Reading manifest: Invalid extension permission: mozillaAddons
1614608325064	addons.webextension.screenshots@mozilla.org	WARN	Loading extension 'screenshots@mozilla.org': Reading manifest: Invalid extension permission: resource://pdf.js/
1614608325064	addons.webextension.screenshots@mozilla.org	WARN	Loading extension 'screenshots@mozilla.org': Rea1614608325506	addons.xpi-utils	WARN	Add-on langpack-de@firef1614608326419	addons.xpi-utils	WARN	Add-on langpack-de@firef1614608326478	Marionette	INFO	Listening on port 36143
console.error: (new Error("Unknown database schema: 2", "resconsole.error: (new Error("Unknown database schema: 2", "resource://services-common/kinto-storage-adapter.js", 223))
console.error: (new Error("Unknown database schema: 2", "resource://services-common/kinto-storage-adapter.js", 223))
console.error: (new Error("Unknown database schema: 2", "resource://services-common/kinto-storage-adapter.js", 223))
JavaScript error: undefined, line 0: Error: An unexpected error occurred
console.error: (new Error("Unknown database schema: 2", "resource://services-common/kinto-storage-adapter.js", 223))
console.error: (new Error("Unknown database schema: 2", "rJavaScript error: resource://gre/modules/Sqlite.jsm, line 81JavaScript error: resource://gre/modules/Sqlite.jsm, line 81: Error: Warning: Sqlite connection 'storage-sync.sqlite#0' was not properly closed. Auto-close triggered by garbage collection.

JavaScript error: resource://gre/modules/Sqlite.jsm, line 81: Error: Warning: Sqlite connection 'storage-sync.sqlite#1' was not properly closed. Auto-close triggered by garbage collection.

JavaScript error: resource://gre/modules/Sqlite.jsm, line 81: Error: Warning: Sqlite connection 'storage-sync.sqlite#2' was not properly closed. Auto-close triggered by garbage collection.

JavaScript error: resource://gre/modules/Sqlite.jsm, line 81: Error: Warning: Sqlite connection 'storage-sync.sqlite#3' was not properly closed. Auto-close triggered by garbage collection.

JavaScript error: resource://gre/modules/Sqlite.jsm, line 81: Error: Warning: Sqlite connection 'storage-sync.sqlite#4' was not propExtension error: [Exception... "Component returned failure cExtension error: [Exception... "Component returned failure code: 0x80004005 (NS_ERROR_FAILURE) [nsIDOMWindowUtils.removeSheetUsingURIString]"  nsresult: "0x80004005 (NS_ERROR_FAILURE)"  location: "JS frame :: resource://gre/modules/ExtensionCommon.jsm :: runSafeSyncWithoutClone :: line 65"  data: no] undefined 65
[[Exception stack
runSafeSyncWithoutClone@resource://gre/modules/ExtensionCommon.jsm:65:12
cleanup@resource://gre/modules/ExtensionContent.jsm:353:11
close@resource://gre/modules/ExtensionContent.jsm:814:7
inner-window-destroyed@resource://gre/modules/ExtensionContent.jsm:889:11
observe@resource://gre/modules/ExtensionContent.jsm:905:5
Current stack
runSafeSyncWithoutClone@resource://gre/modules/ExtensionCommon.jsm:67:129
cleanup@resource://gre/modules/ExtensionContent.jsm:353:11
close@resource://gre/modules/ExtensionContent.jsm:814:7
inner-window-destroyed@resource://gre/modules/ExtensionContent.jsm:889:11
observe@resource://gre/modules/ExtensionContent.jsm:905:5
]]
[Parent 25036, Gecko_IOThread] WARNING: pipe error: 109: file z:/build/build/src/ipc/chromium/src/chrome/common/ipc_channel_win.cc, line 332
[Child 106964, Chrome_ChildThread] WARNING: pipe error: 109: file z:/build/build/src/ipc/chromium/src/chrome/common/ipc_channel_win.cc, line [332
Child 56712, Chrome_Chil[Child 106964dThread] WARNING: pipe error: 109: file z:/build/build/src/ipc/chromium/src/chrome/common/ipc_channel_win.cc, line 332
[Child 56712, Chrome_Chi[Parent 25036, Gecko_IOThread] WARNING: pipe error: 109: file z:/build/build/src/ipc/chromium/src/chrome/common/ipc_channel_win.cc, line 332
[Child 107372, Chrome_ChildThread] WARNING: pipe error: 109: file z:/build/build/src/ipc/chromium/src/chrome/common/ipc_channel_win.cc, line 332
[Child 107372, Chrome_ChildThread] WARN1614608838854	Marionette	INFO	Stopped listening on port 36160

###!!! [Child][RunMessage] Error: Channel closing: too late to send/recv, messages will be lost

[GPU 99236, Chrome_Ch
###!!! [Child][MessageChannel::SendAndWait] Error: Channel error: cannot send/recv

/recv

 cannot send/recv

x\\firefox.exe" "--marionette" "-foreground" "-no-remote" "-profile" "C:\\Users\\Morplson\\AppData\\Local\\Temp\\rust_mozprofile0PRib6"
1614608345129	addons.xpi-utils	WARN	Could not find source bundle for add-on default-theme@mozilla.org: [Exception... "Component returned failure code: 0x80004005 (NS_ERROR_FAILURE) [nsIFile.initWithPath]"  nsresult: "0x80004005 (NS_ERROR_FAILURE)"  location: "JS frame :: resource://gre/modules/addons/XPIDatabase.jsm :: parseDB/< :: line 1340"  data: no] Stack trace: parseDB/<()@resource://gre/modules/addons/XPIDatabase.jsm:1340
parseDB()@resource://gre/modules/addons/XPIDatabase.jsm:1338
asyncLoadDB/this._dbPromise<()@resource://gre/modules/addons/XPIDatabase.jsm:1409
awaitPromise()@resource://gre/modules/addons/XPIProvider.jsm:186
syncLoadDB()@resource://gre/modules/addons/XPIDatabase.jsm:1291
checkForChanges()@resource://gre/modules/addons/XPIProvider.jsm:2568
startup()@resource://gre/modules/addons/XPIProvider.jsm:2148
callProvider()@resource://gre/modules/AddonManager.jsm:203
_startProvider()@resource://gre/modules/AddonManager.jsm:652
startup()@resource://gre/modules/AddonManager.jsm:805
startup()@resource://gre/modules/AddonManager.jsm:2775
observe()@jar:file:///C:/Program%20Files/Mozilla%20Firefox/omni.ja!/components/addonManager.js:66
1614608345129	addons.xpi-utils	ERROR	Failed to load XPI JSON data from profile: Error: Expected passed argument to contain a path(resource://gre/modules/addons/XPIDatabase.jsm:262:15) JS Stack trace: AddonInternal@XPIDatabase.jsm:262:15
parseDB/<@XPIDatabase.jsm:1348:24
parseDB@XPIDatabase.jsm:1338:13
asyncLoadDB/this._dbPromise<@XPIDatabase.jsm:1409:15
awaitPromise@XPIProvider.jsm:186:3
syncLoadDB@XPIDatabase.jsm:1291:7
checkForChanges@XPIProvider.jsm:2568:9
startup@XPIProvider.jsm:2148:25
callProvider@AddonManager.jsm:203:12
_startProvider@AddonManager.jsm:652:5
startup@AddonManager.jsm:805:9
startup@AddonManager.jsm:2775:5
observe@addonManager.js:66:9
1614608345129	addons.xpi-utils	WARN	Rebuilding add-ons database from installed extensions.
1614608345240	addons.xpi-utils	WARN	Add-on langpack-de@firefox.mozilla.org is not compatible with application version.
1614608345240	addons.xpi-utils	WARN	Add-on langpack-de@firefox.mozilla.org is not compatible with application version.
1614608345240	addons.xpi-utils	WARN	Add-on langpack-de@firefox.mozilla.org is not compatible with application version.
1614608345354	addons.webextension.screenshots@mozilla.org	WARN	Loading extension 'screenshots@mozilla.org': Reading manifest: Invalid extension permission: mozillaAddons
1614608345354	addons.webextension.screenshots@mozilla.org	WARN	Loading extension 'screenshots@mozilla.org': Reading manifest: Invalid extension permission: resource://pdf.js/
1614608345354	addons.webextension.screenshots@mozilla.org	WARN	Loading extension 'screenshots@mozilla.org': Reading manifest: Invalid extension permission: about:reader*
1614608345469	addons.xpi-utils	WARN	Add-on langpack-de@firefox.mozilla.org is not compatible with application version.
1614608345469	addons.xpi-utils	WARN	Add-on langpack-de@firefox.mozilla.org is not compatible with application version.
1614608345470	addons.xpi-utils	WARN	Add-on langpack-de@firefox.mozilla.org is not compatible with application version.
1614608345578	addons.webextension.screenshots@mozilla.org	WARN	Loading extension 'screenshots@mozilla.org': Reading manifest: Invalid extension permission: mozillaAddons
1614608345578	addons.webextension.screenshots@mozilla.org	WARN	Loading extension 'screenshots@mozilla.org': Reading manifest: Invalid extension permission: resource://pdf.js/
1614608345578	addons.webextension.screenshots@mozilla.org	WARN	Loading extension 'screenshots@mozilla.org': Reading manifest: Invalid extension permission: about:reader*
1614608345866	addons.xpi-utils	WARN	Add-on langpack-de@firefox.mozilla.org is not compatible with application version.
1614608346206	Marionette	INFO	Listening on port 36389
console.error: (new Error("Unknown database schema: 2", "resource://services-common/kinto-storage-adapter.js", 223))
console.error: (new Error("Unknown database schema: 2", "resource://services-common/kinto-storage-adapter.js", 223))
console.error: (new Error("Unknown database schema: 2", "resource://services-common/kinto-storage-adapter.js", 223))
JavaScript error: undefined, line 0: Error: An unexpected error occurred
console.error: (new Error("Unknown database schema: 2", "resource://services-common/kinto-storage-adapter.js", 223))
console.error: (new Error("Unknown database schema: 2", "resource://services-common/kinto-storage-adapter.js", 223))
1614608346491	Marionette	WARN	TLS certificate errors will be ignored for this session
JavaScript error: resource://gre/modules/Sqlite.jsm, line 81: Error: Warning: Sqlite connection 'storage-sync.sqlite#0' was not properly closed. Auto-close triggered by garbage collection.

JavaScript error: resource://gre/modules/Sqlite.jsm, line 81: Error: Warning: Sqlite connection 'storage-sync.sqlite#1' was not properly closed. Auto-close triggered by garbage collection.

JavaScript error: resource://gre/modules/Sqlite.jsm, line 81: Error: Warning: Sqlite connection 'storage-sync.sqlite#2' was not properly closed. Auto-close triggered by garbage collection.

JavaScript error: resource://gre/modules/Sqlite.jsm, line 81: Error: Warning: Sqlite connection 'storage-sync.sqlite#3' was not properly closed. Auto-close triggered by garbage collection.

JavaScript error: resource://gre/modules/Sqlite.jsm, line 81: Error: Warning: Sqlite connection 'storage-sync.sqlite#4' was not properly closed. Auto-close triggered by garbage collection.

1614608358936	Marionette	INFO	Stopped listening on port 36389
[Child 101288, Chrome_ChildThread] WARNING: pipe error: 109: file z:/build/build/src/ipc/chromium/src/chrome/common/ipc_channel_win.cc, line 332
[Child 99488, Chrome_ChildThread] WARNING: pipe error: 109: file z:/build/build/src/ipc/chromium/src/chrome/common/ipc_channel_win.cc, line 332
[Child 99488, Chrome_ChildThread[Chil
###!!! [Child][RunMessage] Error: Channel closing: too late to send/recv, messages will be lost

[GPU 107828, Chrome_Ch
###!!! [Child][MessageChannel::SendAndWait] Error: Channel error: cannot send/recv

1614608426844	geckodriver	INFO	Listening on 127.0.0.1:36492
1614608430276	mozrunner::runner	INFO	Running command: "C:\\Program Files\\Mozilla Firefox\\firefox.exe" "--marionette" "-foreground" "-no-remote" "-profile" "C:\\Users\\Morplson\\AppData\\Local\\Temp\\rust_mozprofilexOnvV6"
1614608430486	addons.xpi-utils	WARN	Could not find source bundle for add-on default-theme@mozilla.org: [Exception... "Component returned failure code: 0x80004005 (NS_ERROR_FAILURE) [nsIFile.initWithPath]"  nsresult: "0x80004005 (NS_ERROR_FAILURE)"  location: "JS frame :: resource://gre/modules/addons/XPIDatabase.jsm :: parseDB/< :: line 1340"  data: no] Stack trace: parseDB/<()@resource://gre/modules/addons/XPIDatabase.jsm:1340
parseDB()@resource://gre/modules/addons/XPIDatabase.jsm:1338
asyncLoadDB/this._dbPromise<()@resource://gre/modules/addons/XPIDatabase.jsm:1409
awaitPromise()@resource://gre/modules/addons/XPIProvider.jsm:186
syncLoadDB()@resource://gre/modules/addons/XPIDatabase.jsm:1291
checkForChanges()@resource://gre/modules/addons/XPIProvider.jsm:2568
startup()@resource://gre/modules/addons/XPIProvider.jsm:2148
callProvider()@resource://gre/modules/AddonManager.jsm:203
_startProvider()@resource://gre/modules/AddonManager.jsm:652
startup()@resource://gre/modules/AddonManager.jsm:805
startup()@resource://gre/modules/AddonManager.jsm:2775
observe()@jar:file:///C:/Program%20Files/Mozilla%20Firefox/omni.ja!/components/addonManager.js:66
1614608430487	addons.xpi-utils	ERROR	Failed to load XPI JSON data from profile: Error: Expected passed argument to contain a path(resource://gre/modules/addons/XPIDatabase.jsm:262:15) JS Stack trace: AddonInternal@XPIDatabase.jsm:262:15
parseDB/<@XPIDatabase.jsm:1348:24
parseDB@XPIDatabase.jsm:1338:13
asyncLoadDB/this._dbPromise<@XPIDatabase.jsm:1409:15
awaitPromise@XPIProvider.jsm:186:3
syncLoadDB@XPIDatabase.jsm:1291:7
checkForChanges@XPIProvider.jsm:2568:9
startup@XPIProvider.jsm:2148:25
callProvider@AddonManager.jsm:203:12
_startProvider@AddonManager.jsm:652:5
startup@AddonManager.jsm:805:9
startup@AddonManager.jsm:2775:5
observe@addonManager.js:66:9
1614608430487	addons.xpi-utils	WARN	Rebuilding add-ons database from installed extensions.
1614608430598	addons.xpi-utils	WARN	Add-on langpack-de@firefox.mozilla.org is not compatible with application version.
1614608430598	addons.xpi-utils	WARN	Add-on langpack-de@firefox.mozilla.org is not compatible with application version.
1614608430598	addons.xpi-utils	WARN	Add-on langpack-de@firefox.mozilla.org is not compatible with application version.
1614608430715	addons.webextension.screenshots@mozilla.org	WARN	Loading extension 'screenshots@mozilla.org': Reading manifest: Invalid extension permission: mozillaAddons
1614608430715	addons.webextension.screenshots@mozilla.org	WARN	Loading extension 'screenshots@mozilla.org': Reading manifest: Invalid extension permission: resource://pdf.js/
1614608430715	addons.webextension.screenshots@mozilla.org	WARN	Loading extension 'screenshots@mozilla.org': Reading manifest: Invalid extension permission: about:reader*
1614608430827	addons.xpi-utils	WARN	Add-on langpack-de@firefox.mozilla.org is not compatible with application version.
1614608430827	addons.xpi-utils	WARN	Add-on langpack-de@firefox.mozilla.org is not compatible with application version.
1614608430828	addons.xpi-utils	WARN	Add-on langpack-de@firefox.mozilla.org is not compatible with application version.
1614608430933	addons.webextension.screenshots@mozilla.org	WARN	Loading extension 'screenshots@mozilla.org': Reading manifest: Invalid extension permission: mozillaAddons
1614608430933	addons.webextension.screenshots@mozilla.org	WARN	Loading extension 'screenshots@mozilla.org': Reading manifest: Invalid extension permission: resource://pdf.js/
1614608430933	addons.webextension.screenshots@mozilla.org	WARN	Loading extension 'screenshots@mozilla.org': Reading manifest: Invalid extension permission: about:reader*
1614608431229	addons.xpi-utils	WARN	Add-on langpack-de@firefox.mozilla.org is not compatible with application version.
1614608431546	Marionette	INFO	Listening on port 36505
console.error: (new Error("Unknown database schema: 2", "resource://services-common/kinto-storage-adapter.js", 223))
console.error: (new Error("Unknown database schema: 2", "resource://services-common/kinto-storage-adapter.js", 223))
console.error: (new Error("Unknown database schema: 2", "resource://services-common/kinto-storage-adapter.js", 223))
JavaScript error: undefined, line 0: Error: An unexpected error occurred
console.error: (new Error("Unknown database schema: 2", "resource://services-common/kinto-storage-adapter.js", 223))
console.error: (new Error("Unknown database schema: 2", "resource://services-common/kinto-storage-adapter.js", 223))
1614608431881	Marionette	WARN	TLS certificate errors will be ignored for this session
[Parent 104352, Gecko_IOThread] WARNING: pipe error: 109: file z:/build/build/src/ipc/chromium/src/chrome/common/ipc_channel_win.cc, line 332
JavaScript error: resource://gre/modules/Sqlite.jsm, line 81: Error: Warning: Sqlite connection 'storage-sync.sqlite#0' was not properly closed. Auto-close triggered by garbage collection.

JavaScript error: resource://gre/modules/Sqlite.jsm, line 81: Error: Warning: Sqlite connection 'storage-sync.sqlite#1' was not properly closed. Auto-close triggered by garbage collection.

JavaScript error: resource://gre/modules/Sqlite.jsm, line 81: Error: Warning: Sqlite connection 'storage-sync.sqlite#2' was not properly closed. Auto-close triggered by garbage collection.

JavaScript error: resource://gre/modules/Sqlite.jsm, line 81: Error: Warning: Sqlite connection 'storage-sync.sqlite#3' was not properly closed. Auto-close triggered by garbage collection.

JavaScript error: resource://gre/modules/Sqlite.jsm, line 81: Error: Warning: Sqlite connection 'storage-sync.sqlite#4' was not properly closed. Auto-close triggered by garbage collection.

1614608444821	Marionette	INFO	Stopped listening on port 36505
[Child 100740, Chrome_ChildThread] WARNING: pipe error: 109: file z:/build/build/src/ipc/chromium/src/chrome/common/ipc_channel_win.cc, line 332
[Child 100740, Ch[Parent 104352, Gecko_IOThread] WARNING: pipe error: 109: file z:/build/build/src/ipc/chromium/src/chrome/common/ipc_channel_win.cc, line 332
[Child 108400, Chrome_ChildThread] WARNING: pipe error: 109: file z:/build/build/src/ipc/chromium/src/chrome/common/ipc_channel_win.cc, line 332
[Child 108400, Chrome_Chil[Child 66996, Chrome_ChildThread] WARNING: pipe error: 109: file z:/build/build/src/ipc/chromium/src/chrome/common/ipc_channel_win.cc, line 332
[Child 66996, Chrome_ChildThread
###!!! [Child][RunMessage] Error: Channel closing: too late to send/recv, messages will be lost

[GPU 76504, Chrome_C
###!!! [Child][MessageChannel::SendAndWait] Error: Channel error: cannot send/recv

